group,Begin,End,Source,Type
groupI,21492932,21494505,Jones et al 2012 Nature,MxF
groupI,21494831,21497000,Jones et al 2012 Nature,MxF
groupI,21499500,21505000,Jones et al 2012 Nature,MxF
groupI,21514500,21517500,Jones et al 2012 Nature,MxF
groupI,21527239,21529500,Jones et al 2012 Nature,MxF
groupI,21531500,21535598,Jones et al 2012 Nature,MxF
groupI,21537686,21539500,Jones et al 2012 Nature,MxF
groupI,21540000,21545500,Jones et al 2012 Nature,MxF
groupI,21546000,21549000,Jones et al 2012 Nature,MxF
groupI,21552500,21563000,Jones et al 2012 Nature,MxF
groupI,21569500,21573500,Jones et al 2012 Nature,MxF
groupI,21581500,21586000,Jones et al 2012 Nature,MxF
groupI,21588500,21593500,Jones et al 2012 Nature,MxF
groupI,21595000,21615500,Jones et al 2012 Nature,MxF
groupI,21619500,21627500,Jones et al 2012 Nature,MxF
groupI,21630000,21637000,Jones et al 2012 Nature,MxF
groupI,21643000,21649500,Jones et al 2012 Nature,MxF
groupI,21663000,21669500,Jones et al 2012 Nature,MxF
groupI,21671000,21674500,Jones et al 2012 Nature,MxF
groupI,21675500,21681500,Jones et al 2012 Nature,MxF
groupI,21683500,21686500,Jones et al 2012 Nature,MxF
groupI,21694500,21701000,Jones et al 2012 Nature,MxF
groupI,21701500,21704698,Jones et al 2012 Nature,MxF
groupI,21710087,21710808,Jones et al 2012 Nature,MxF
groupI,21712479,21713000,Jones et al 2012 Nature,MxF
groupI,21713500,21720000,Jones et al 2012 Nature,MxF
groupI,21797000,21802000,Jones et al 2012 Nature,MxF
groupI,21803500,21810000,Jones et al 2012 Nature,MxF
groupI,21819500,21822500,Jones et al 2012 Nature,MxF
groupI,21823000,21823010,Jones et al 2012 Nature,MxF
groupI,21823283,21827218,Jones et al 2012 Nature,MxF
groupI,21827484,21827500,Jones et al 2012 Nature,MxF
groupI,21830000,21836000,Jones et al 2012 Nature,MxF
groupI,21849000,21855000,Jones et al 2012 Nature,MxF
groupI,21877214,21881000,Jones et al 2012 Nature,MxF
groupI,21890000,21896000,Jones et al 2012 Nature,MxF
groupI,21899500,21902000,Jones et al 2012 Nature,MxF
groupI,21914000,21918500,Jones et al 2012 Nature,MxF
groupI,21919000,21921500,Jones et al 2012 Nature,MxF
groupI,21932500,21944000,Jones et al 2012 Nature,MxF
groupII,414000,414766,Jones et al 2012 Nature,MxF
groupII,415361,416369,Jones et al 2012 Nature,MxF
groupII,417679,419050,Jones et al 2012 Nature,MxF
groupIV,12800238,12814051,Jones et al 2012 Nature,MxF
groupIV,12814692,12825223,Jones et al 2012 Nature,MxF
groupIV,12825643,12831803,Jones et al 2012 Nature,MxF
groupIV,13916368,13918000,Jones et al 2012 Nature,MxF
groupIV,13975500,13978000,Jones et al 2012 Nature,MxF
groupIV,15059500,15060012,Jones et al 2012 Nature,MxF
groupIV,15061411,15062000,Jones et al 2012 Nature,MxF
groupIV,19766000,19769000,Jones et al 2012 Nature,MxF
groupIV,19811668,19822293,Jones et al 2012 Nature,MxF
groupIV,19825662,19829118,Jones et al 2012 Nature,MxF
groupIV,19829831,19830066,Jones et al 2012 Nature,MxF
groupIV,19851445,19855000,Jones et al 2012 Nature,MxF
groupIV,19867000,19872500,Jones et al 2012 Nature,MxF
groupIV,19875500,19878000,Jones et al 2012 Nature,MxF
groupIV,19880500,19896176,Jones et al 2012 Nature,MxF
groupIV,19897883,19903500,Jones et al 2012 Nature,MxF
groupIV,21604500,21608500,Jones et al 2012 Nature,MxF
groupIV,23958000,23964000,Jones et al 2012 Nature,MxF
groupIV,23964500,23976000,Jones et al 2012 Nature,MxF
groupIV,23976500,23982190,Jones et al 2012 Nature,MxF
groupVII,17990965,17998000,Jones et al 2012 Nature,MxF
groupVII,18000274,18001173,Jones et al 2012 Nature,MxF
groupVII,18001286,18002792,Jones et al 2012 Nature,MxF
groupXVIII,889452,891500,Jones et al 2012 Nature,MxF
groupXIX,14779000,14781500,Jones et al 2012 Nature,MxF
groupXIX,14791535,14794951,Jones et al 2012 Nature,MxF
groupXIX,14795762,14802839,Jones et al 2012 Nature,MxF
groupXIX,2452500,2455500,Jones et al 2012 Nature,MxF
groupXIX,2456000,2458500,Jones et al 2012 Nature,MxF
groupXIX,2459000,2471000,Jones et al 2012 Nature,MxF
groupXIX,2474500,2478157,Jones et al 2012 Nature,MxF
groupXIX,2488500,2489124,Jones et al 2012 Nature,MxF
groupXIX,2491161,2491500,Jones et al 2012 Nature,MxF
groupXIX,2495810,2496063,Jones et al 2012 Nature,MxF
groupXIX,2496794,2498500,Jones et al 2012 Nature,MxF
groupXIX,2505500,2507823,Jones et al 2012 Nature,MxF
groupXIX,2521000,2526000,Jones et al 2012 Nature,MxF
groupXIX,2545500,2549000,Jones et al 2012 Nature,MxF
groupI,21282960,21436974,Hohenlohe et al 2010 PLoS Genet,MxF
groupI,21388343,21434933,Hohenlohe et al 2010 PLoS Genet,MxF
groupI,21473205,21475291,Hohenlohe et al 2010 PLoS Genet,MxF
groupI,21479070,21491211,Hohenlohe et al 2010 PLoS Genet,MxF
groupI,21491546,21492836,Hohenlohe et al 2010 PLoS Genet,MxF
groupI,21494435,21496950,Hohenlohe et al 2010 PLoS Genet,MxF
groupI,21543442,21565537,Hohenlohe et al 2010 PLoS Genet,MxF
groupI,21559046,21559837,Hohenlohe et al 2010 PLoS Genet,MxF
groupI,21583240,21588042,Hohenlohe et al 2010 PLoS Genet,MxF
groupI,21589378,21596657,Hohenlohe et al 2010 PLoS Genet,MxF
groupI,21600545,21614802,Hohenlohe et al 2010 PLoS Genet,MxF
groupI,21620622,21621984,Hohenlohe et al 2010 PLoS Genet,MxF
groupI,21624062,21625496,Hohenlohe et al 2010 PLoS Genet,MxF
groupI,21630258,21663404,Hohenlohe et al 2010 PLoS Genet,MxF
groupI,21665938,21670669,Hohenlohe et al 2010 PLoS Genet,MxF
groupI,21669702,21669788,Hohenlohe et al 2010 PLoS Genet,MxF
groupI,21674393,21675279,Hohenlohe et al 2010 PLoS Genet,MxF
groupI,21677574,21684080,Hohenlohe et al 2010 PLoS Genet,MxF
groupI,21699651,21730178,Hohenlohe et al 2010 PLoS Genet,MxF
groupI,21760544,21783366,Hohenlohe et al 2010 PLoS Genet,MxF
groupI,21856731,21858543,Hohenlohe et al 2010 PLoS Genet,MxF
groupI,21861214,21861551,Hohenlohe et al 2010 PLoS Genet,MxF
groupI,21867888,21896675,Hohenlohe et al 2010 PLoS Genet,MxF
groupI,21913742,21915030,Hohenlohe et al 2010 PLoS Genet,MxF
groupI,21915272,21916150,Hohenlohe et al 2010 PLoS Genet,MxF
groupI,21932962,21935790,Hohenlohe et al 2010 PLoS Genet,MxF
groupI,21938319,21939140,Hohenlohe et al 2010 PLoS Genet,MxF
groupI,21946843,21950061,Hohenlohe et al 2010 PLoS Genet,MxF
groupI,21953044,21958260,Hohenlohe et al 2010 PLoS Genet,MxF
groupI,21958545,21961593,Hohenlohe et al 2010 PLoS Genet,MxF
groupI,21961734,21977124,Hohenlohe et al 2010 PLoS Genet,MxF
groupI,21995013,22014777,Hohenlohe et al 2010 PLoS Genet,MxF
groupI,22023622,22036587,Hohenlohe et al 2010 PLoS Genet,MxF
groupI,22046513,22065408,Hohenlohe et al 2010 PLoS Genet,MxF
groupI,22067857,22074131,Hohenlohe et al 2010 PLoS Genet,MxF
groupI,22087211,22100621,Hohenlohe et al 2010 PLoS Genet,MxF
groupI,22111889,22114279,Hohenlohe et al 2010 PLoS Genet,MxF
groupI,22116777,22119346,Hohenlohe et al 2010 PLoS Genet,MxF
groupI,22121776,22122533,Hohenlohe et al 2010 PLoS Genet,MxF
groupI,22123043,22127106,Hohenlohe et al 2010 PLoS Genet,MxF
groupI,22128101,22134259,Hohenlohe et al 2010 PLoS Genet,MxF
groupI,22146669,22154656,Hohenlohe et al 2010 PLoS Genet,MxF
groupI,22156417,22158271,Hohenlohe et al 2010 PLoS Genet,MxF
groupI,22159095,22160780,Hohenlohe et al 2010 PLoS Genet,MxF
groupI,22161642,22164775,Hohenlohe et al 2010 PLoS Genet,MxF
groupI,22168200,22171306,Hohenlohe et al 2010 PLoS Genet,MxF
groupI,22173389,22174626,Hohenlohe et al 2010 PLoS Genet,MxF
groupI,22177916,22183240,Hohenlohe et al 2010 PLoS Genet,MxF
groupI,22182579,22188123,Hohenlohe et al 2010 PLoS Genet,MxF
groupI,22187222,22190408,Hohenlohe et al 2010 PLoS Genet,MxF
groupI,22191538,22192485,Hohenlohe et al 2010 PLoS Genet,MxF
groupI,22196346,22201489,Hohenlohe et al 2010 PLoS Genet,MxF
groupIV,12424107,12436050,Hohenlohe et al 2010 PLoS Genet,MxF
groupIV,12438010,12441598,Hohenlohe et al 2010 PLoS Genet,MxF
groupIV,12442336,12444314,Hohenlohe et al 2010 PLoS Genet,MxF
groupIV,12445321,12448373,Hohenlohe et al 2010 PLoS Genet,MxF
groupIV,12451969,12456614,Hohenlohe et al 2010 PLoS Genet,MxF
groupIV,12459458,12462500,Hohenlohe et al 2010 PLoS Genet,MxF
groupIV,12463399,12467598,Hohenlohe et al 2010 PLoS Genet,MxF
groupIV,12468117,12468728,Hohenlohe et al 2010 PLoS Genet,MxF
groupIV,12472918,12477723,Hohenlohe et al 2010 PLoS Genet,MxF
groupIV,12500111,12585904,Hohenlohe et al 2010 PLoS Genet,MxF
groupIV,12660845,12838539,Hohenlohe et al 2010 PLoS Genet,MxF
groupIV,12700707,12768384,Hohenlohe et al 2010 PLoS Genet,MxF
groupIV,12800220,12810446,Hohenlohe et al 2010 PLoS Genet,MxF
groupIV,12811602,12817008,Hohenlohe et al 2010 PLoS Genet,MxF
groupIV,12822782,12824676,Hohenlohe et al 2010 PLoS Genet,MxF
groupIV,12826542,12827369,Hohenlohe et al 2010 PLoS Genet,MxF
groupIV,12843597,12851169,Hohenlohe et al 2010 PLoS Genet,MxF
groupIV,12857678,12861775,Hohenlohe et al 2010 PLoS Genet,MxF
groupIV,12886001,12888151,Hohenlohe et al 2010 PLoS Genet,MxF
groupIV,12891471,12904168,Hohenlohe et al 2010 PLoS Genet,MxF
groupIV,12904952,12925251,Hohenlohe et al 2010 PLoS Genet,MxF
groupIV,12941555,12943706,Hohenlohe et al 2010 PLoS Genet,MxF
groupIV,12948567,12950365,Hohenlohe et al 2010 PLoS Genet,MxF
groupIV,12951906,12955107,Hohenlohe et al 2010 PLoS Genet,MxF
groupIV,12957378,12959627,Hohenlohe et al 2010 PLoS Genet,MxF
groupIV,12962154,12969566,Hohenlohe et al 2010 PLoS Genet,MxF
groupIV,12971182,12976506,Hohenlohe et al 2010 PLoS Genet,MxF
groupIV,13161092,13215854,Hohenlohe et al 2010 PLoS Genet,MxF
groupIV,13220801,13248223,Hohenlohe et al 2010 PLoS Genet,MxF
groupIV,13247849,13251404,Hohenlohe et al 2010 PLoS Genet,MxF
groupIV,13252044,13253484,Hohenlohe et al 2010 PLoS Genet,MxF
groupIV,13258735,13265652,Hohenlohe et al 2010 PLoS Genet,MxF
groupIV,13282319,13287248,Hohenlohe et al 2010 PLoS Genet,MxF
groupIV,13287303,13292669,Hohenlohe et al 2010 PLoS Genet,MxF
groupIV,13294516,13295502,Hohenlohe et al 2010 PLoS Genet,MxF
groupIV,13331270,13336566,Hohenlohe et al 2010 PLoS Genet,MxF
groupIV,13339769,13343280,Hohenlohe et al 2010 PLoS Genet,MxF
groupIV,13360790,13361899,Hohenlohe et al 2010 PLoS Genet,MxF
groupIV,13367495,13372511,Hohenlohe et al 2010 PLoS Genet,MxF
groupIV,13375789,13385299,Hohenlohe et al 2010 PLoS Genet,MxF
groupIV,13389317,13398176,Hohenlohe et al 2010 PLoS Genet,MxF
groupIV,13399031,13400196,Hohenlohe et al 2010 PLoS Genet,MxF
groupIV,13399655,13402595,Hohenlohe et al 2010 PLoS Genet,MxF
groupIV,19502772,19504901,Hohenlohe et al 2010 PLoS Genet,MxF
groupIV,19504962,19515715,Hohenlohe et al 2010 PLoS Genet,MxF
groupIV,19626362,19645224,Hohenlohe et al 2010 PLoS Genet,MxF
groupIV,19658413,19668630,Hohenlohe et al 2010 PLoS Genet,MxF
groupIV,19670965,19680411,Hohenlohe et al 2010 PLoS Genet,MxF
groupIV,19685754,19700674,Hohenlohe et al 2010 PLoS Genet,MxF
groupIV,19707744,19734610,Hohenlohe et al 2010 PLoS Genet,MxF
groupIV,19735377,19740940,Hohenlohe et al 2010 PLoS Genet,MxF
groupIV,19742262,19746434,Hohenlohe et al 2010 PLoS Genet,MxF
groupIV,19762165,19765489,Hohenlohe et al 2010 PLoS Genet,MxF
groupIV,19769449,19775349,Hohenlohe et al 2010 PLoS Genet,MxF
groupIV,19780039,19784824,Hohenlohe et al 2010 PLoS Genet,MxF
groupIV,19844774,19845658,Hohenlohe et al 2010 PLoS Genet,MxF
groupIV,19849404,19859507,Hohenlohe et al 2010 PLoS Genet,MxF
groupIV,19899773,19905382,Hohenlohe et al 2010 PLoS Genet,MxF
groupIV,19908710,19916119,Hohenlohe et al 2010 PLoS Genet,MxF
groupIV,19916813,19954054,Hohenlohe et al 2010 PLoS Genet,MxF
groupIV,19983324,19993225,Hohenlohe et al 2010 PLoS Genet,MxF
groupIV,20000831,20003316,Hohenlohe et al 2010 PLoS Genet,MxF
groupIV,20004820,20014379,Hohenlohe et al 2010 PLoS Genet,MxF
groupIV,20019064,20025119,Hohenlohe et al 2010 PLoS Genet,MxF
groupIV,20026722,20041153,Hohenlohe et al 2010 PLoS Genet,MxF
groupIV,20048757,20060866,Hohenlohe et al 2010 PLoS Genet,MxF
groupIV,20064589,20071245,Hohenlohe et al 2010 PLoS Genet,MxF
groupIV,20071418,20073305,Hohenlohe et al 2010 PLoS Genet,MxF
groupIV,20179544,20182048,Hohenlohe et al 2010 PLoS Genet,MxF
groupIV,20205477,20208639,Hohenlohe et al 2010 PLoS Genet,MxF
groupIV,20208974,20211898,Hohenlohe et al 2010 PLoS Genet,MxF
groupIV,20213011,20216316,Hohenlohe et al 2010 PLoS Genet,MxF
groupIV,20220967,20230106,Hohenlohe et al 2010 PLoS Genet,MxF
groupIV,20374567,20407295,Hohenlohe et al 2010 PLoS Genet,MxF
groupIV,23792283,23801263,Hohenlohe et al 2010 PLoS Genet,MxF
groupIV,23803114,23806154,Hohenlohe et al 2010 PLoS Genet,MxF
groupIV,23806218,23810016,Hohenlohe et al 2010 PLoS Genet,MxF
groupIV,23811090,23816322,Hohenlohe et al 2010 PLoS Genet,MxF
groupIV,23817901,23826392,Hohenlohe et al 2010 PLoS Genet,MxF
groupIV,23828128,23830322,Hohenlohe et al 2010 PLoS Genet,MxF
groupIV,23831089,23838303,Hohenlohe et al 2010 PLoS Genet,MxF
groupIV,23839219,23841583,Hohenlohe et al 2010 PLoS Genet,MxF
groupIV,23846073,23847647,Hohenlohe et al 2010 PLoS Genet,MxF
groupIV,23850745,23860667,Hohenlohe et al 2010 PLoS Genet,MxF
groupIV,23864187,23890676,Hohenlohe et al 2010 PLoS Genet,MxF
groupIV,23928955,23953125,Hohenlohe et al 2010 PLoS Genet,MxF
groupIV,23961613,23967201,Hohenlohe et al 2010 PLoS Genet,MxF
groupIV,23968608,23982358,Hohenlohe et al 2010 PLoS Genet,MxF
groupIV,24031409,24102197,Hohenlohe et al 2010 PLoS Genet,MxF
groupIV,24111028,24189980,Hohenlohe et al 2010 PLoS Genet,MxF
groupIV,24192525,24198946,Hohenlohe et al 2010 PLoS Genet,MxF
groupIV,24202091,24216647,Hohenlohe et al 2010 PLoS Genet,MxF
groupIV,24219970,24222547,Hohenlohe et al 2010 PLoS Genet,MxF
groupIV,24223728,24244834,Hohenlohe et al 2010 PLoS Genet,MxF
groupIV,24262691,24277902,Hohenlohe et al 2010 PLoS Genet,MxF
groupIV,24342759,24348272,Hohenlohe et al 2010 PLoS Genet,MxF
groupIV,24355940,24366816,Hohenlohe et al 2010 PLoS Genet,MxF
groupIV,24367757,24370554,Hohenlohe et al 2010 PLoS Genet,MxF
groupIV,24374004,24392313,Hohenlohe et al 2010 PLoS Genet,MxF
groupIV,24449351,24454938,Hohenlohe et al 2010 PLoS Genet,MxF
groupIV,24515423,24518686,Hohenlohe et al 2010 PLoS Genet,MxF
groupIV,24520701,24530277,Hohenlohe et al 2010 PLoS Genet,MxF
groupIV,24531078,24535243,Hohenlohe et al 2010 PLoS Genet,MxF
groupIV,24536134,24542529,Hohenlohe et al 2010 PLoS Genet,MxF
groupIV,24590538,24618926,Hohenlohe et al 2010 PLoS Genet,MxF
groupIV,24621731,24629076,Hohenlohe et al 2010 PLoS Genet,MxF
groupIV,24630021,24640628,Hohenlohe et al 2010 PLoS Genet,MxF
groupIV,24646619,24651665,Hohenlohe et al 2010 PLoS Genet,MxF
groupIV,24652574,24659292,Hohenlohe et al 2010 PLoS Genet,MxF
groupIV,24662013,24671946,Hohenlohe et al 2010 PLoS Genet,MxF
groupIV,24682335,24694623,Hohenlohe et al 2010 PLoS Genet,MxF
groupIV,24694746,24698789,Hohenlohe et al 2010 PLoS Genet,MxF
groupIV,24699090,24706347,Hohenlohe et al 2010 PLoS Genet,MxF
groupIV,24705906,24711304,Hohenlohe et al 2010 PLoS Genet,MxF
groupIV,24711743,24713591,Hohenlohe et al 2010 PLoS Genet,MxF
groupIV,24711763,24712875,Hohenlohe et al 2010 PLoS Genet,MxF
groupIV,24763664,24812659,Hohenlohe et al 2010 PLoS Genet,MxF
groupIV,24826776,24831586,Hohenlohe et al 2010 PLoS Genet,MxF
groupIV,24835584,24838359,Hohenlohe et al 2010 PLoS Genet,MxF
groupIV,24840114,24842633,Hohenlohe et al 2010 PLoS Genet,MxF
groupIV,24847273,24850298,Hohenlohe et al 2010 PLoS Genet,MxF
groupIV,24852375,24865063,Hohenlohe et al 2010 PLoS Genet,MxF
groupIV,24954177,24955946,Hohenlohe et al 2010 PLoS Genet,MxF
groupIV,24957846,24971820,Hohenlohe et al 2010 PLoS Genet,MxF
groupIV,24994302,25010245,Hohenlohe et al 2010 PLoS Genet,MxF
groupIV,25060622,25079326,Hohenlohe et al 2010 PLoS Genet,MxF
groupIV,25082914,25088724,Hohenlohe et al 2010 PLoS Genet,MxF
groupIV,25093964,25099146,Hohenlohe et al 2010 PLoS Genet,MxF
groupIV,25116788,25118026,Hohenlohe et al 2010 PLoS Genet,MxF
groupVII,14225069,14226886,Hohenlohe et al 2010 PLoS Genet,MxF
groupVII,14226053,14232395,Hohenlohe et al 2010 PLoS Genet,MxF
groupVII,14235040,14240999,Hohenlohe et al 2010 PLoS Genet,MxF
groupVII,14242463,14247072,Hohenlohe et al 2010 PLoS Genet,MxF
groupVII,14260301,14268806,Hohenlohe et al 2010 PLoS Genet,MxF
groupVII,14316807,14325219,Hohenlohe et al 2010 PLoS Genet,MxF
groupVII,14329272,14341976,Hohenlohe et al 2010 PLoS Genet,MxF
groupVII,14343965,14353827,Hohenlohe et al 2010 PLoS Genet,MxF
groupVII,14358132,14382637,Hohenlohe et al 2010 PLoS Genet,MxF
groupVII,14410026,14443124,Hohenlohe et al 2010 PLoS Genet,MxF
groupVII,14464316,14485331,Hohenlohe et al 2010 PLoS Genet,MxF
groupVII,14487944,14497050,Hohenlohe et al 2010 PLoS Genet,MxF
groupVII,14498720,14505252,Hohenlohe et al 2010 PLoS Genet,MxF
groupVII,14507117,14509707,Hohenlohe et al 2010 PLoS Genet,MxF
groupVII,14513150,14527273,Hohenlohe et al 2010 PLoS Genet,MxF
groupVII,14555092,14571425,Hohenlohe et al 2010 PLoS Genet,MxF
groupVII,14587963,14593757,Hohenlohe et al 2010 PLoS Genet,MxF
groupVII,14603675,14612725,Hohenlohe et al 2010 PLoS Genet,MxF
groupVII,14614771,14619226,Hohenlohe et al 2010 PLoS Genet,MxF
groupVII,14658991,14688319,Hohenlohe et al 2010 PLoS Genet,MxF
groupVII,14706030,14708693,Hohenlohe et al 2010 PLoS Genet,MxF
groupVII,14778775,14788878,Hohenlohe et al 2010 PLoS Genet,MxF
groupVII,14793405,14819213,Hohenlohe et al 2010 PLoS Genet,MxF
groupVII,14824723,14831911,Hohenlohe et al 2010 PLoS Genet,MxF
groupVII,14852692,14860732,Hohenlohe et al 2010 PLoS Genet,MxF
groupVII,14865123,14870596,Hohenlohe et al 2010 PLoS Genet,MxF
groupVII,14871252,14872274,Hohenlohe et al 2010 PLoS Genet,MxF
groupVII,14873239,14875907,Hohenlohe et al 2010 PLoS Genet,MxF
groupVII,14876168,14886480,Hohenlohe et al 2010 PLoS Genet,MxF
groupVII,14888367,14890324,Hohenlohe et al 2010 PLoS Genet,MxF
groupVII,14891145,14896582,Hohenlohe et al 2010 PLoS Genet,MxF
groupVII,14896973,14908645,Hohenlohe et al 2010 PLoS Genet,MxF
groupVII,14910165,14914696,Hohenlohe et al 2010 PLoS Genet,MxF
groupVII,14919931,14932215,Hohenlohe et al 2010 PLoS Genet,MxF
groupVII,14938208,14943980,Hohenlohe et al 2010 PLoS Genet,MxF
groupVII,14964767,14971172,Hohenlohe et al 2010 PLoS Genet,MxF
groupVII,14974131,14980077,Hohenlohe et al 2010 PLoS Genet,MxF
groupVII,14983177,14986803,Hohenlohe et al 2010 PLoS Genet,MxF
groupVII,14987555,14989286,Hohenlohe et al 2010 PLoS Genet,MxF
groupVII,14990159,14994685,Hohenlohe et al 2010 PLoS Genet,MxF
groupVII,14996045,15000947,Hohenlohe et al 2010 PLoS Genet,MxF
groupVII,14996446,15000101,Hohenlohe et al 2010 PLoS Genet,MxF
groupVII,16703180,16706782,Hohenlohe et al 2010 PLoS Genet,MxF
groupVII,16804232,16815940,Hohenlohe et al 2010 PLoS Genet,MxF
groupVII,16829719,16845611,Hohenlohe et al 2010 PLoS Genet,MxF
groupVII,16855815,16860331,Hohenlohe et al 2010 PLoS Genet,MxF
groupVII,16871846,16873412,Hohenlohe et al 2010 PLoS Genet,MxF
groupVII,16888829,16894114,Hohenlohe et al 2010 PLoS Genet,MxF
groupVII,16896044,16899867,Hohenlohe et al 2010 PLoS Genet,MxF
groupVII,16901341,16905118,Hohenlohe et al 2010 PLoS Genet,MxF
groupVII,16916246,16936715,Hohenlohe et al 2010 PLoS Genet,MxF
groupVII,16979133,17004317,Hohenlohe et al 2010 PLoS Genet,MxF
groupVII,17010160,17011176,Hohenlohe et al 2010 PLoS Genet,MxF
groupVII,17020940,17022108,Hohenlohe et al 2010 PLoS Genet,MxF
groupVII,17024309,17031165,Hohenlohe et al 2010 PLoS Genet,MxF
groupVII,17036480,17044183,Hohenlohe et al 2010 PLoS Genet,MxF
groupVII,17045611,17058280,Hohenlohe et al 2010 PLoS Genet,MxF
groupVII,17061334,17071944,Hohenlohe et al 2010 PLoS Genet,MxF
groupVII,17078873,17079943,Hohenlohe et al 2010 PLoS Genet,MxF
groupVII,17083040,17085822,Hohenlohe et al 2010 PLoS Genet,MxF
groupVII,17087633,17107931,Hohenlohe et al 2010 PLoS Genet,MxF
groupVII,17113900,17132233,Hohenlohe et al 2010 PLoS Genet,MxF
groupVII,17153129,17164064,Hohenlohe et al 2010 PLoS Genet,MxF
groupVII,17172024,17175412,Hohenlohe et al 2010 PLoS Genet,MxF
groupVII,17183033,17184016,Hohenlohe et al 2010 PLoS Genet,MxF
groupVII,17188065,17195749,Hohenlohe et al 2010 PLoS Genet,MxF
groupVII,17198387,17203823,Hohenlohe et al 2010 PLoS Genet,MxF
groupVII,17209951,17217908,Hohenlohe et al 2010 PLoS Genet,MxF
groupVII,17237759,17250964,Hohenlohe et al 2010 PLoS Genet,MxF
groupVII,17254978,17257134,Hohenlohe et al 2010 PLoS Genet,MxF
groupVII,17257461,17262253,Hohenlohe et al 2010 PLoS Genet,MxF
groupVII,17264422,17268521,Hohenlohe et al 2010 PLoS Genet,MxF
groupVII,17270774,17274008,Hohenlohe et al 2010 PLoS Genet,MxF
groupVII,17278254,17290477,Hohenlohe et al 2010 PLoS Genet,MxF
groupVII,17292353,17311290,Hohenlohe et al 2010 PLoS Genet,MxF
groupVII,17312023,17316274,Hohenlohe et al 2010 PLoS Genet,MxF
groupVII,17315523,17319529,Hohenlohe et al 2010 PLoS Genet,MxF
groupVII,17321254,17323279,Hohenlohe et al 2010 PLoS Genet,MxF
groupVII,17324971,17329397,Hohenlohe et al 2010 PLoS Genet,MxF
groupVII,17331025,17334333,Hohenlohe et al 2010 PLoS Genet,MxF
groupVII,17345968,17356912,Hohenlohe et al 2010 PLoS Genet,MxF
groupVII,17361084,17361968,Hohenlohe et al 2010 PLoS Genet,MxF
groupVII,17364541,17370059,Hohenlohe et al 2010 PLoS Genet,MxF
groupVII,17373495,17379602,Hohenlohe et al 2010 PLoS Genet,MxF
groupVII,17379341,17381519,Hohenlohe et al 2010 PLoS Genet,MxF
groupVII,17383162,17389795,Hohenlohe et al 2010 PLoS Genet,MxF
groupVII,17392819,17405880,Hohenlohe et al 2010 PLoS Genet,MxF
groupVII,17414810,17419416,Hohenlohe et al 2010 PLoS Genet,MxF
groupVII,17428358,17430295,Hohenlohe et al 2010 PLoS Genet,MxF
groupVII,17433979,17437601,Hohenlohe et al 2010 PLoS Genet,MxF
groupVII,17446833,17449484,Hohenlohe et al 2010 PLoS Genet,MxF
groupVII,17463846,17500020,Hohenlohe et al 2010 PLoS Genet,MxF
groupVII,17506353,17511909,Hohenlohe et al 2010 PLoS Genet,MxF
groupVII,17522442,17530912,Hohenlohe et al 2010 PLoS Genet,MxF
groupVII,17536427,17538070,Hohenlohe et al 2010 PLoS Genet,MxF
groupVII,17543160,17553506,Hohenlohe et al 2010 PLoS Genet,MxF
groupVII,17555779,17574579,Hohenlohe et al 2010 PLoS Genet,MxF
groupVII,17580031,17631190,Hohenlohe et al 2010 PLoS Genet,MxF
groupVII,17649875,17653814,Hohenlohe et al 2010 PLoS Genet,MxF
groupVII,17660352,17668782,Hohenlohe et al 2010 PLoS Genet,MxF
groupVII,17672904,17677820,Hohenlohe et al 2010 PLoS Genet,MxF
groupVII,17679562,17685887,Hohenlohe et al 2010 PLoS Genet,MxF
groupVII,17681971,17682945,Hohenlohe et al 2010 PLoS Genet,MxF
groupVII,17687695,17689967,Hohenlohe et al 2010 PLoS Genet,MxF
groupVII,17690575,17695081,Hohenlohe et al 2010 PLoS Genet,MxF
groupVII,17698831,17702387,Hohenlohe et al 2010 PLoS Genet,MxF
groupVII,17704698,17717526,Hohenlohe et al 2010 PLoS Genet,MxF
groupVII,17722723,17729779,Hohenlohe et al 2010 PLoS Genet,MxF
groupVII,17746937,17765623,Hohenlohe et al 2010 PLoS Genet,MxF
groupVII,17758768,17760612,Hohenlohe et al 2010 PLoS Genet,MxF
groupVII,17767038,17771160,Hohenlohe et al 2010 PLoS Genet,MxF
groupVII,17772760,17779057,Hohenlohe et al 2010 PLoS Genet,MxF
groupVII,17779545,17785773,Hohenlohe et al 2010 PLoS Genet,MxF
groupVII,17790142,17791288,Hohenlohe et al 2010 PLoS Genet,MxF
groupVII,17795411,17818111,Hohenlohe et al 2010 PLoS Genet,MxF
groupVII,17823824,17827313,Hohenlohe et al 2010 PLoS Genet,MxF
groupVII,17833672,17840543,Hohenlohe et al 2010 PLoS Genet,MxF
groupVII,17841023,17845846,Hohenlohe et al 2010 PLoS Genet,MxF
groupVII,17857676,17866141,Hohenlohe et al 2010 PLoS Genet,MxF
groupVII,17868985,17874965,Hohenlohe et al 2010 PLoS Genet,MxF
groupVII,17880340,17881233,Hohenlohe et al 2010 PLoS Genet,MxF
groupVII,17887230,17893621,Hohenlohe et al 2010 PLoS Genet,MxF
groupVII,17899767,17908142,Hohenlohe et al 2010 PLoS Genet,MxF
groupVII,17911856,17932197,Hohenlohe et al 2010 PLoS Genet,MxF
groupVII,17939223,17944353,Hohenlohe et al 2010 PLoS Genet,MxF
groupVII,17946329,17953886,Hohenlohe et al 2010 PLoS Genet,MxF
groupVII,17953499,17960127,Hohenlohe et al 2010 PLoS Genet,MxF
groupVII,17965520,17974749,Hohenlohe et al 2010 PLoS Genet,MxF
groupVII,17978322,17982388,Hohenlohe et al 2010 PLoS Genet,MxF
groupVII,17991436,17995396,Hohenlohe et al 2010 PLoS Genet,MxF
groupVII,17997085,18001531,Hohenlohe et al 2010 PLoS Genet,MxF
groupVII,18002418,18004778,Hohenlohe et al 2010 PLoS Genet,MxF
groupVII,18007253,18010078,Hohenlohe et al 2010 PLoS Genet,MxF
groupVII,18025434,18055295,Hohenlohe et al 2010 PLoS Genet,MxF
groupVII,18060067,18065841,Hohenlohe et al 2010 PLoS Genet,MxF
groupVII,18071000,18075907,Hohenlohe et al 2010 PLoS Genet,MxF
groupVII,18093394,18104266,Hohenlohe et al 2010 PLoS Genet,MxF
groupVII,18121678,18127749,Hohenlohe et al 2010 PLoS Genet,MxF
groupVII,18133048,18140770,Hohenlohe et al 2010 PLoS Genet,MxF
groupVII,18143644,18145494,Hohenlohe et al 2010 PLoS Genet,MxF
groupVII,18148593,18151780,Hohenlohe et al 2010 PLoS Genet,MxF
groupVII,18153173,18156274,Hohenlohe et al 2010 PLoS Genet,MxF
groupVII,18156974,18170784,Hohenlohe et al 2010 PLoS Genet,MxF
groupVII,18173068,18173604,Hohenlohe et al 2010 PLoS Genet,MxF
groupVII,18180559,18199729,Hohenlohe et al 2010 PLoS Genet,MxF
groupVII,18208057,18209358,Hohenlohe et al 2010 PLoS Genet,MxF
groupVII,18215413,18217424,Hohenlohe et al 2010 PLoS Genet,MxF
groupVII,18219272,18228512,Hohenlohe et al 2010 PLoS Genet,MxF
groupVII,18277277,18283139,Hohenlohe et al 2010 PLoS Genet,MxF
groupVII,18286645,18294281,Hohenlohe et al 2010 PLoS Genet,MxF
groupVII,18349455,18364730,Hohenlohe et al 2010 PLoS Genet,MxF
groupVII,18366839,18372450,Hohenlohe et al 2010 PLoS Genet,MxF
groupVII,18382038,18384152,Hohenlohe et al 2010 PLoS Genet,MxF
groupVII,18392653,18402553,Hohenlohe et al 2010 PLoS Genet,MxF
groupVII,18404616,18407812,Hohenlohe et al 2010 PLoS Genet,MxF
groupVII,18408108,18413324,Hohenlohe et al 2010 PLoS Genet,MxF
groupVII,18413920,18416643,Hohenlohe et al 2010 PLoS Genet,MxF
groupVII,18417299,18419451,Hohenlohe et al 2010 PLoS Genet,MxF
groupVII,18425524,18436420,Hohenlohe et al 2010 PLoS Genet,MxF
groupVII,18444981,18465071,Hohenlohe et al 2010 PLoS Genet,MxF
groupVII,18512998,18516229,Hohenlohe et al 2010 PLoS Genet,MxF
groupVII,18527504,18536547,Hohenlohe et al 2010 PLoS Genet,MxF
groupVII,18539190,18546225,Hohenlohe et al 2010 PLoS Genet,MxF
groupVII,18548109,18551764,Hohenlohe et al 2010 PLoS Genet,MxF
groupVII,18553876,18558321,Hohenlohe et al 2010 PLoS Genet,MxF
groupVII,18569383,18572642,Hohenlohe et al 2010 PLoS Genet,MxF
groupVII,18576773,18579403,Hohenlohe et al 2010 PLoS Genet,MxF
groupVII,18578956,18582949,Hohenlohe et al 2010 PLoS Genet,MxF
groupVII,18585497,18603040,Hohenlohe et al 2010 PLoS Genet,MxF
groupVII,18611320,18615153,Hohenlohe et al 2010 PLoS Genet,MxF
groupVII,18621412,18630142,Hohenlohe et al 2010 PLoS Genet,MxF
groupVII,18632237,18634024,Hohenlohe et al 2010 PLoS Genet,MxF
groupVII,18640111,18642468,Hohenlohe et al 2010 PLoS Genet,MxF
groupVII,18643279,18663673,Hohenlohe et al 2010 PLoS Genet,MxF
groupVII,18668437,18669781,Hohenlohe et al 2010 PLoS Genet,MxF
groupVII,18670294,18676401,Hohenlohe et al 2010 PLoS Genet,MxF
groupVII,18679097,18687043,Hohenlohe et al 2010 PLoS Genet,MxF
groupVII,18690919,18691724,Hohenlohe et al 2010 PLoS Genet,MxF
groupVII,18693247,18697244,Hohenlohe et al 2010 PLoS Genet,MxF
groupVII,18704738,18714311,Hohenlohe et al 2010 PLoS Genet,MxF
groupVII,18717956,18728613,Hohenlohe et al 2010 PLoS Genet,MxF
groupVII,18730810,18755710,Hohenlohe et al 2010 PLoS Genet,MxF
groupVII,18769519,18771364,Hohenlohe et al 2010 PLoS Genet,MxF
groupVII,18787382,18794956,Hohenlohe et al 2010 PLoS Genet,MxF
groupVII,18798063,18801234,Hohenlohe et al 2010 PLoS Genet,MxF
groupVIII,7921434,7960181,Hohenlohe et al 2010 PLoS Genet,MxF
groupVIII,7971478,7992100,Hohenlohe et al 2010 PLoS Genet,MxF
groupVIII,8001904,8007260,Hohenlohe et al 2010 PLoS Genet,MxF
groupVIII,8016467,8033959,Hohenlohe et al 2010 PLoS Genet,MxF
groupVIII,8049501,8059467,Hohenlohe et al 2010 PLoS Genet,MxF
groupVIII,8080206,8084699,Hohenlohe et al 2010 PLoS Genet,MxF
groupVIII,8091706,8095990,Hohenlohe et al 2010 PLoS Genet,MxF
groupVIII,8096514,8100827,Hohenlohe et al 2010 PLoS Genet,MxF
groupVIII,8109111,8128099,Hohenlohe et al 2010 PLoS Genet,MxF
groupVIII,8165344,8238725,Hohenlohe et al 2010 PLoS Genet,MxF
groupVIII,8208428,8335563,Hohenlohe et al 2010 PLoS Genet,MxF
groupVIII,8275586,8279961,Hohenlohe et al 2010 PLoS Genet,MxF
groupVIII,8284107,8315383,Hohenlohe et al 2010 PLoS Genet,MxF
groupVIII,8334646,8346332,Hohenlohe et al 2010 PLoS Genet,MxF
groupVIII,8358318,8421180,Hohenlohe et al 2010 PLoS Genet,MxF
groupVIII,8358339,8358587,Hohenlohe et al 2010 PLoS Genet,MxF
groupVIII,8424316,8425927,Hohenlohe et al 2010 PLoS Genet,MxF
groupVIII,8431204,8445294,Hohenlohe et al 2010 PLoS Genet,MxF
groupVIII,8446071,8450585,Hohenlohe et al 2010 PLoS Genet,MxF
groupVIII,8465078,8467677,Hohenlohe et al 2010 PLoS Genet,MxF
groupVIII,8471991,8496300,Hohenlohe et al 2010 PLoS Genet,MxF
groupVIII,8495959,8497654,Hohenlohe et al 2010 PLoS Genet,MxF
groupVIII,8498118,8499312,Hohenlohe et al 2010 PLoS Genet,MxF
groupVIII,8499419,8502408,Hohenlohe et al 2010 PLoS Genet,MxF
groupVIII,8519939,8540860,Hohenlohe et al 2010 PLoS Genet,MxF
groupVIII,8542911,8565618,Hohenlohe et al 2010 PLoS Genet,MxF
groupVIII,8571604,8578871,Hohenlohe et al 2010 PLoS Genet,MxF
groupVIII,8587594,8599653,Hohenlohe et al 2010 PLoS Genet,MxF
groupVIII,8601701,8605432,Hohenlohe et al 2010 PLoS Genet,MxF
groupVIII,8608236,8612174,Hohenlohe et al 2010 PLoS Genet,MxF
groupVIII,8625098,8649744,Hohenlohe et al 2010 PLoS Genet,MxF
groupVIII,8663745,8669341,Hohenlohe et al 2010 PLoS Genet,MxF
groupVIII,8672758,8675282,Hohenlohe et al 2010 PLoS Genet,MxF
groupVIII,8680085,8688792,Hohenlohe et al 2010 PLoS Genet,MxF
groupVIII,8695861,8705375,Hohenlohe et al 2010 PLoS Genet,MxF
groupVIII,8712395,8715506,Hohenlohe et al 2010 PLoS Genet,MxF
groupVIII,8719592,8743199,Hohenlohe et al 2010 PLoS Genet,MxF
groupVIII,8754264,8763512,Hohenlohe et al 2010 PLoS Genet,MxF
groupVIII,8767315,8772605,Hohenlohe et al 2010 PLoS Genet,MxF
groupVIII,8782039,8782893,Hohenlohe et al 2010 PLoS Genet,MxF
groupVIII,8783070,8785859,Hohenlohe et al 2010 PLoS Genet,MxF
groupVIII,8790043,8792361,Hohenlohe et al 2010 PLoS Genet,MxF
groupVIII,8794763,8799364,Hohenlohe et al 2010 PLoS Genet,MxF
groupVIII,8801427,8811156,Hohenlohe et al 2010 PLoS Genet,MxF
groupVIII,8814476,8840068,Hohenlohe et al 2010 PLoS Genet,MxF
groupVIII,8844184,8845999,Hohenlohe et al 2010 PLoS Genet,MxF
groupVIII,8849666,8851978,Hohenlohe et al 2010 PLoS Genet,MxF
groupVIII,8853903,8869102,Hohenlohe et al 2010 PLoS Genet,MxF
groupVIII,8897020,8952064,Hohenlohe et al 2010 PLoS Genet,MxF
groupVIII,8957647,8967593,Hohenlohe et al 2010 PLoS Genet,MxF
groupXI,5208803,5214158,Hohenlohe et al 2010 PLoS Genet,MxF
groupXI,5215037,5217641,Hohenlohe et al 2010 PLoS Genet,MxF
groupXI,5217978,5219542,Hohenlohe et al 2010 PLoS Genet,MxF
groupXI,5224490,5227100,Hohenlohe et al 2010 PLoS Genet,MxF
groupXI,5239884,5245046,Hohenlohe et al 2010 PLoS Genet,MxF
groupXI,5247357,5249139,Hohenlohe et al 2010 PLoS Genet,MxF
groupXI,5253223,5253936,Hohenlohe et al 2010 PLoS Genet,MxF
groupXI,5254443,5256484,Hohenlohe et al 2010 PLoS Genet,MxF
groupXI,5269219,5283214,Hohenlohe et al 2010 PLoS Genet,MxF
groupXI,5410816,5413266,Hohenlohe et al 2010 PLoS Genet,MxF
groupXI,5413900,5424398,Hohenlohe et al 2010 PLoS Genet,MxF
groupXI,5427988,5432735,Hohenlohe et al 2010 PLoS Genet,MxF
groupXI,5438916,5439993,Hohenlohe et al 2010 PLoS Genet,MxF
groupXI,5441626,5447170,Hohenlohe et al 2010 PLoS Genet,MxF
groupXI,5449613,5474517,Hohenlohe et al 2010 PLoS Genet,MxF
groupXI,5489109,5498480,Hohenlohe et al 2010 PLoS Genet,MxF
groupXI,5502920,5513429,Hohenlohe et al 2010 PLoS Genet,MxF
groupXI,5516896,5519794,Hohenlohe et al 2010 PLoS Genet,MxF
groupXI,5527324,5527649,Hohenlohe et al 2010 PLoS Genet,MxF
groupXI,5528933,5530975,Hohenlohe et al 2010 PLoS Genet,MxF
groupXI,5561299,5572291,Hohenlohe et al 2010 PLoS Genet,MxF
groupXI,5633886,5636525,Hohenlohe et al 2010 PLoS Genet,MxF
groupXI,5644968,5646077,Hohenlohe et al 2010 PLoS Genet,MxF
groupXI,5661792,5665608,Hohenlohe et al 2010 PLoS Genet,MxF
groupXI,5668353,5670404,Hohenlohe et al 2010 PLoS Genet,MxF
groupXI,5671289,5673584,Hohenlohe et al 2010 PLoS Genet,MxF
groupXI,5691229,5699595,Hohenlohe et al 2010 PLoS Genet,MxF
groupXI,5708601,5718665,Hohenlohe et al 2010 PLoS Genet,MxF
groupXI,5720289,5730521,Hohenlohe et al 2010 PLoS Genet,MxF
groupXI,5736635,5744447,Hohenlohe et al 2010 PLoS Genet,MxF
groupXI,5771316,5781666,Hohenlohe et al 2010 PLoS Genet,MxF
groupXI,5818927,5836905,Hohenlohe et al 2010 PLoS Genet,MxF
groupXI,5842754,5854706,Hohenlohe et al 2010 PLoS Genet,MxF
groupXI,5870465,5873553,Hohenlohe et al 2010 PLoS Genet,MxF
groupXI,5875523,5881288,Hohenlohe et al 2010 PLoS Genet,MxF
groupXI,5884307,5888511,Hohenlohe et al 2010 PLoS Genet,MxF
groupXI,5977045,5991514,Hohenlohe et al 2010 PLoS Genet,MxF
groupXI,5999182,6000714,Hohenlohe et al 2010 PLoS Genet,MxF
groupXI,6000782,6005360,Hohenlohe et al 2010 PLoS Genet,MxF
groupXI,6006856,6010095,Hohenlohe et al 2010 PLoS Genet,MxF
groupXI,6011225,6013275,Hohenlohe et al 2010 PLoS Genet,MxF
groupXI,6013319,6014866,Hohenlohe et al 2010 PLoS Genet,MxF
groupXI,6019137,6032077,Hohenlohe et al 2010 PLoS Genet,MxF
groupXI,6034300,6036554,Hohenlohe et al 2010 PLoS Genet,MxF
groupXI,6038567,6041569,Hohenlohe et al 2010 PLoS Genet,MxF
groupXI,6042689,6046676,Hohenlohe et al 2010 PLoS Genet,MxF
groupXI,6048625,6051978,Hohenlohe et al 2010 PLoS Genet,MxF
groupXI,6054503,6066827,Hohenlohe et al 2010 PLoS Genet,MxF
groupXI,6070481,6072919,Hohenlohe et al 2010 PLoS Genet,MxF
groupXI,6085209,6095518,Hohenlohe et al 2010 PLoS Genet,MxF
groupXI,6106841,6114790,Hohenlohe et al 2010 PLoS Genet,MxF
groupXI,6151636,6152709,Hohenlohe et al 2010 PLoS Genet,MxF
groupXI,6181412,6186313,Hohenlohe et al 2010 PLoS Genet,MxF
groupXI,6189394,6191153,Hohenlohe et al 2010 PLoS Genet,MxF
groupXI,6193596,6194777,Hohenlohe et al 2010 PLoS Genet,MxF
groupXXI,5283848,5560806,Hohenlohe et al 2010 PLoS Genet,MxF
groupXXI,5378929,5380854,Hohenlohe et al 2010 PLoS Genet,MxF
groupXXI,5440575,5443026,Hohenlohe et al 2010 PLoS Genet,MxF
groupXXI,5516657,5518336,Hohenlohe et al 2010 PLoS Genet,MxF
groupXXI,5563933,5565402,Hohenlohe et al 2010 PLoS Genet,MxF
groupXXI,5566443,5569736,Hohenlohe et al 2010 PLoS Genet,MxF
groupXXI,5570723,5573618,Hohenlohe et al 2010 PLoS Genet,MxF
groupXXI,5574282,5581150,Hohenlohe et al 2010 PLoS Genet,MxF
groupXXI,5583448,5603633,Hohenlohe et al 2010 PLoS Genet,MxF
groupXXI,5609584,5615358,Hohenlohe et al 2010 PLoS Genet,MxF
groupXXI,5618122,5622349,Hohenlohe et al 2010 PLoS Genet,MxF
groupXXI,5627431,5630858,Hohenlohe et al 2010 PLoS Genet,MxF
groupXXI,5653839,5689259,Hohenlohe et al 2010 PLoS Genet,MxF
groupXXI,5698558,5699757,Hohenlohe et al 2010 PLoS Genet,MxF
groupXXI,5734019,5738065,Hohenlohe et al 2010 PLoS Genet,MxF
groupXXI,5738223,5745177,Hohenlohe et al 2010 PLoS Genet,MxF
groupXXI,5747557,5751896,Hohenlohe et al 2010 PLoS Genet,MxF
groupXXI,5768154,5778431,Hohenlohe et al 2010 PLoS Genet,MxF
groupXXI,5790345,5795969,Hohenlohe et al 2010 PLoS Genet,MxF
groupXXI,5796343,5797942,Hohenlohe et al 2010 PLoS Genet,MxF
groupXXI,5808646,5870440,Hohenlohe et al 2010 PLoS Genet,MxF
groupXXI,5894383,5895537,Hohenlohe et al 2010 PLoS Genet,MxF
groupXXI,5895782,5903328,Hohenlohe et al 2010 PLoS Genet,MxF
groupXXI,5926309,5963001,Hohenlohe et al 2010 PLoS Genet,MxF
groupXXI,5965675,5971025,Hohenlohe et al 2010 PLoS Genet,MxF
groupXXI,5974334,5978352,Hohenlohe et al 2010 PLoS Genet,MxF
groupXXI,5980270,5988791,Hohenlohe et al 2010 PLoS Genet,MxF
groupXXI,5992600,5997872,Hohenlohe et al 2010 PLoS Genet,MxF
groupXXI,5998568,6008658,Hohenlohe et al 2010 PLoS Genet,MxF
groupXXI,6010384,6012874,Hohenlohe et al 2010 PLoS Genet,MxF
groupXXI,6013666,6017677,Hohenlohe et al 2010 PLoS Genet,MxF
groupXXI,6017697,6038095,Hohenlohe et al 2010 PLoS Genet,MxF
groupXXI,6065576,6128487,Hohenlohe et al 2010 PLoS Genet,MxF
groupXXI,6175595,6182961,Hohenlohe et al 2010 PLoS Genet,MxF
groupXXI,6183073,6185026,Hohenlohe et al 2010 PLoS Genet,MxF
groupXXI,6189464,6240135,Hohenlohe et al 2010 PLoS Genet,MxF
groupXXI,6280670,6287350,Hohenlohe et al 2010 PLoS Genet,MxF
groupXXI,6289750,6291376,Hohenlohe et al 2010 PLoS Genet,MxF
groupXXI,6398964,6400574,Hohenlohe et al 2010 PLoS Genet,MxF
groupXXI,6406865,6431202,Hohenlohe et al 2010 PLoS Genet,MxF
groupXXI,6434107,6436140,Hohenlohe et al 2010 PLoS Genet,MxF
groupXXI,6446899,6474452,Hohenlohe et al 2010 PLoS Genet,MxF
groupXXI,6484786,6495419,Hohenlohe et al 2010 PLoS Genet,MxF
groupXXI,6504850,6508030,Hohenlohe et al 2010 PLoS Genet,MxF
groupXXI,6530309,6533659,Hohenlohe et al 2010 PLoS Genet,MxF
groupXXI,6534938,6558550,Hohenlohe et al 2010 PLoS Genet,MxF
groupXXI,6564963,6566999,Hohenlohe et al 2010 PLoS Genet,MxF
groupXXI,6568444,6575898,Hohenlohe et al 2010 PLoS Genet,MxF
groupXXI,6579026,6642145,Hohenlohe et al 2010 PLoS Genet,MxF
groupXXI,6648367,6656819,Hohenlohe et al 2010 PLoS Genet,MxF
groupXXI,6658948,6662180,Hohenlohe et al 2010 PLoS Genet,MxF
groupXXI,6662481,6665187,Hohenlohe et al 2010 PLoS Genet,MxF
groupXXI,6671169,6674187,Hohenlohe et al 2010 PLoS Genet,MxF
groupXXI,6675083,6677342,Hohenlohe et al 2010 PLoS Genet,MxF
groupXXI,6682621,6742679,Hohenlohe et al 2010 PLoS Genet,MxF
groupXXI,6761590,6775206,Hohenlohe et al 2010 PLoS Genet,MxF
groupXXI,6777503,6777928,Hohenlohe et al 2010 PLoS Genet,MxF
groupXXI,6826891,6855061,Hohenlohe et al 2010 PLoS Genet,MxF
groupXXI,6900599,6902079,Hohenlohe et al 2010 PLoS Genet,MxF
groupXXI,6903787,6909004,Hohenlohe et al 2010 PLoS Genet,MxF
groupXXI,6911713,6953777,Hohenlohe et al 2010 PLoS Genet,MxF
groupXXI,6960347,6963454,Hohenlohe et al 2010 PLoS Genet,MxF
groupXXI,6981536,7001063,Hohenlohe et al 2010 PLoS Genet,MxF
groupXXI,7005039,7035292,Hohenlohe et al 2010 PLoS Genet,MxF
groupXXI,7075053,7102135,Hohenlohe et al 2010 PLoS Genet,MxF
groupXXI,7111029,7173655,Hohenlohe et al 2010 PLoS Genet,MxF
groupXXI,7157077,7168299,Hohenlohe et al 2010 PLoS Genet,MxF
groupXXI,7179938,7191684,Hohenlohe et al 2010 PLoS Genet,MxF
groupXXI,7193639,7227151,Hohenlohe et al 2010 PLoS Genet,MxF
groupXXI,7228415,7230131,Hohenlohe et al 2010 PLoS Genet,MxF
groupXXI,7231252,7232984,Hohenlohe et al 2010 PLoS Genet,MxF
groupXXI,7239829,7243964,Hohenlohe et al 2010 PLoS Genet,MxF
groupXXI,7247243,7250822,Hohenlohe et al 2010 PLoS Genet,MxF
groupXXI,7252547,7254333,Hohenlohe et al 2010 PLoS Genet,MxF
groupXXI,7252896,7262425,Hohenlohe et al 2010 PLoS Genet,MxF
groupXXI,7255256,7257350,Hohenlohe et al 2010 PLoS Genet,MxF
groupXXI,7262834,7271765,Hohenlohe et al 2010 PLoS Genet,MxF
groupXXI,7275543,7280619,Hohenlohe et al 2010 PLoS Genet,MxF
groupXXI,7290562,7291629,Hohenlohe et al 2010 PLoS Genet,MxF
groupXXI,7305661,7306888,Hohenlohe et al 2010 PLoS Genet,MxF
groupXXI,7308799,7311737,Hohenlohe et al 2010 PLoS Genet,MxF
groupXXI,7317660,7331681,Hohenlohe et al 2010 PLoS Genet,MxF
groupXXI,7333151,7334309,Hohenlohe et al 2010 PLoS Genet,MxF
groupXXI,7337019,7342720,Hohenlohe et al 2010 PLoS Genet,MxF
groupXXI,7409163,7409966,Hohenlohe et al 2010 PLoS Genet,MxF
groupXXI,7467320,7472869,Hohenlohe et al 2010 PLoS Genet,MxF
groupXXI,7474167,7477313,Hohenlohe et al 2010 PLoS Genet,MxF
groupXXI,7478290,7481292,Hohenlohe et al 2010 PLoS Genet,MxF
groupXXI,7487166,7488409,Hohenlohe et al 2010 PLoS Genet,MxF
groupXXI,7489501,7494440,Hohenlohe et al 2010 PLoS Genet,MxF
groupXXI,7497425,7501855,Hohenlohe et al 2010 PLoS Genet,MxF
groupXXI,7503400,7508618,Hohenlohe et al 2010 PLoS Genet,MxF
groupXXI,7512720,7515886,Hohenlohe et al 2010 PLoS Genet,MxF
groupXXI,7519692,7540702,Hohenlohe et al 2010 PLoS Genet,MxF
groupXXI,7545194,7552587,Hohenlohe et al 2010 PLoS Genet,MxF
groupXXI,7558221,7559864,Hohenlohe et al 2010 PLoS Genet,MxF
groupXXI,7561253,7562489,Hohenlohe et al 2010 PLoS Genet,MxF
groupXXI,7564026,7564669,Hohenlohe et al 2010 PLoS Genet,MxF
groupXXI,7565291,7567878,Hohenlohe et al 2010 PLoS Genet,MxF
groupXXI,7569977,7571996,Hohenlohe et al 2010 PLoS Genet,MxF
groupXXI,7575402,7582561,Hohenlohe et al 2010 PLoS Genet,MxF
groupXXI,7582349,7584676,Hohenlohe et al 2010 PLoS Genet,MxF
groupXXI,7589962,7592505,Hohenlohe et al 2010 PLoS Genet,MxF
groupXXI,7593074,7598419,Hohenlohe et al 2010 PLoS Genet,MxF
groupXXI,7600074,7601093,Hohenlohe et al 2010 PLoS Genet,MxF
groupXXI,7605441,7613959,Hohenlohe et al 2010 PLoS Genet,MxF
groupXXI,7616147,7622264,Hohenlohe et al 2010 PLoS Genet,MxF
groupXXI,7624135,7626889,Hohenlohe et al 2010 PLoS Genet,MxF
groupXXI,7637346,7667969,Hohenlohe et al 2010 PLoS Genet,MxF
groupXXI,7671202,7675537,Hohenlohe et al 2010 PLoS Genet,MxF
groupXXI,7677215,7682182,Hohenlohe et al 2010 PLoS Genet,MxF
groupXXI,7723318,7731230,Hohenlohe et al 2010 PLoS Genet,MxF
groupXXI,7733155,7735833,Hohenlohe et al 2010 PLoS Genet,MxF
groupXXI,7736424,7743329,Hohenlohe et al 2010 PLoS Genet,MxF
groupXXI,7745465,7753370,Hohenlohe et al 2010 PLoS Genet,MxF
groupXXI,7755188,7758807,Hohenlohe et al 2010 PLoS Genet,MxF
groupXXI,7759788,7768352,Hohenlohe et al 2010 PLoS Genet,MxF
groupXXI,7769230,7778698,Hohenlohe et al 2010 PLoS Genet,MxF
groupXXI,7795884,7805381,Hohenlohe et al 2010 PLoS Genet,MxF
chrI,6086284,8086382,Albert et al. 2008 Evolution,Shape
chrI,6086284,8086382,Albert et al. 2008 Evolution,Shape
chrI,6086284,8086382,Albert et al. 2008 Evolution,Shape
chrI,17569929,19570388,Albert et al. 2008 Evolution,Shape
chrI,17569929,19570388,Albert et al. 2008 Evolution,Shape
chrI,17569929,19570388,Albert et al. 2008 Evolution,Shape
chrI,17569929,19570388,Albert et al. 2008 Evolution,Shape
chrI,17569929,19570388,Albert et al. 2008 Evolution,Shape
chrI,17569929,19570388,Albert et al. 2008 Evolution,Shape
chrI,17569929,19570388,Albert et al. 2008 Evolution,Shape
chrIII,13416331,15416991,Albert et al. 2008 Evolution,Shape
chrIII,13416331,15416991,Albert et al. 2008 Evolution,Shape
chrIV,926094,2926286,Albert et al. 2008 Evolution,Shape
chrIV,10585867,12586185,Albert et al. 2008 Evolution,Shape
chrIV,10585867,12586185,Albert et al. 2008 Evolution,Shape
chrIV,10585867,12586185,Albert et al. 2008 Evolution,Shape
chrIV,10585867,12586185,Albert et al. 2008 Evolution,Shape
chrIV,10585867,12586185,Albert et al. 2008 Evolution,Shape
chrIV,10585867,12586185,Albert et al. 2008 Evolution,Shape
chrIV,10585867,12586185,Albert et al. 2008 Evolution,Shape
chrIV,10585867,12586185,Albert et al. 2008 Evolution,Shape
chrIV,18000052,20000274,Albert et al. 2008 Evolution,Shape
chrIV,23284606,25284769,Albert et al. 2008 Evolution,Shape
chrIV,23284606,25284769,Albert et al. 2008 Evolution,Shape
chrIV,23284606,25284769,Albert et al. 2008 Evolution,Shape
chrIV,23284606,25284769,Albert et al. 2008 Evolution,Shape
chrIV,23284606,25284769,Albert et al. 2008 Evolution,Shape
chrIX,12727188,14727363,Albert et al. 2008 Evolution,Shape
chrUn,24785696,26786246,Albert et al. 2008 Evolution,Shape
chrVII,12663683,14664252,Albert et al. 2008 Evolution,Shape
chrVII,12663683,14664252,Albert et al. 2008 Evolution,Shape
chrVII,12663683,14664252,Albert et al. 2008 Evolution,Shape
chrVII,12663683,14664252,Albert et al. 2008 Evolution,Shape
chrVII,12663683,14664252,Albert et al. 2008 Evolution,Shape
chrVII,12663683,14664252,Albert et al. 2008 Evolution,Shape
chrVII,12663683,14664252,Albert et al. 2008 Evolution,Shape
chrVII,12663683,14664252,Albert et al. 2008 Evolution,Shape
chrVII,12663683,14664252,Albert et al. 2008 Evolution,Shape
chrVII,12663683,14664252,Albert et al. 2008 Evolution,Shape
chrVII,12663683,14664252,Albert et al. 2008 Evolution,Shape
chrVIII,770044,2770224,Albert et al. 2008 Evolution,Shape
chrXII,11922318,13922915,Albert et al. 2008 Evolution,Shape
chrXII,11922318,13922915,Albert et al. 2008 Evolution,Shape
chrXII,11922318,13922915,Albert et al. 2008 Evolution,Shape
chrXII,11922318,13922915,Albert et al. 2008 Evolution,Shape
chrXII,11922318,13922915,Albert et al. 2008 Evolution,Shape
chrXII,11922318,13922915,Albert et al. 2008 Evolution,Shape
chrXII,11922318,13922915,Albert et al. 2008 Evolution,Shape
chrXII,11922318,13922915,Albert et al. 2008 Evolution,Shape
chrXII,11922318,13922915,Albert et al. 2008 Evolution,Shape
chrXII,11922318,13922915,Albert et al. 2008 Evolution,Shape
chrXII,11922318,13922915,Albert et al. 2008 Evolution,Shape
chrXII,11922318,13922915,Albert et al. 2008 Evolution,Shape
chrXIII,5175613,7175736,Albert et al. 2008 Evolution,Shape
chrXV,5134159,7134662,Albert et al. 2008 Evolution,Shape
chrXVI,5274652,7274761,Albert et al. 2008 Evolution,Shape
chrXVI,5274652,7274761,Albert et al. 2008 Evolution,Shape
chrXVI,5274652,7274761,Albert et al. 2008 Evolution,Shape
chrXVI,12454492,14454623,Albert et al. 2008 Evolution,Shape
chrXVI,16770456,18115788,Albert et al. 2008 Evolution,Shape
chrXVI,16770456,18115788,Albert et al. 2008 Evolution,Shape
chrXVI,16770456,18115788,Albert et al. 2008 Evolution,Shape
chrXVI,16770456,18115788,Albert et al. 2008 Evolution,Shape
chrXVI,16770456,18115788,Albert et al. 2008 Evolution,Shape
chrXVI,16770456,18115788,Albert et al. 2008 Evolution,Shape
chrXVI,16770456,18115788,Albert et al. 2008 Evolution,Shape
chrXVI,16770456,18115788,Albert et al. 2008 Evolution,Shape
chrXVI,16770456,18115788,Albert et al. 2008 Evolution,Shape
chrXVI,16770456,18115788,Albert et al. 2008 Evolution,Shape
chrXVI,16770456,18115788,Albert et al. 2008 Evolution,Shape
chrXVI,16770456,18115788,Albert et al. 2008 Evolution,Shape
chrXVI,16770456,18115788,Albert et al. 2008 Evolution,Shape
chrXVI,16770456,18115788,Albert et al. 2008 Evolution,Shape
chrXVI,16770456,18115788,Albert et al. 2008 Evolution,Shape
chrXVI,16770456,18115788,Albert et al. 2008 Evolution,Shape
chrXVI,16770456,18115788,Albert et al. 2008 Evolution,Shape
chrXVI,16770456,18115788,Albert et al. 2008 Evolution,Shape
chrXVI,16770456,18115788,Albert et al. 2008 Evolution,Shape
chrXVI,16770456,18115788,Albert et al. 2008 Evolution,Shape
chrXVI,16770456,18115788,Albert et al. 2008 Evolution,Shape
chrXVI,16770456,18115788,Albert et al. 2008 Evolution,Shape
chrXVI,16770456,18115788,Albert et al. 2008 Evolution,Shape
chrXVI,16770456,18115788,Albert et al. 2008 Evolution,Shape
chrXVI,16770456,18115788,Albert et al. 2008 Evolution,Shape
chrXVI,16770456,18115788,Albert et al. 2008 Evolution,Shape
chrXVI,16770456,18115788,Albert et al. 2008 Evolution,Shape
chrXVI,16770456,18115788,Albert et al. 2008 Evolution,Shape
chrXVI,16770456,18115788,Albert et al. 2008 Evolution,Shape
chrXVI,16770456,18115788,Albert et al. 2008 Evolution,Shape
chrXVI,17106523,18115788,Albert et al. 2008 Evolution,Shape
chrXVI,17106523,18115788,Albert et al. 2008 Evolution,Shape
chrXVII,8858642,10858767,Albert et al. 2008 Evolution,Shape
chrXVIII,1847300,3847500,Albert et al. 2008 Evolution,Shape
chrXVIII,1847300,3847500,Albert et al. 2008 Evolution,Shape
chrXVIII,6613260,8613434,Albert et al. 2008 Evolution,Shape
chrXVIII,6613260,8613434,Albert et al. 2008 Evolution,Shape
chrXVIII,11520276,13520434,Albert et al. 2008 Evolution,Shape
chrXVIII,11520276,13520434,Albert et al. 2008 Evolution,Shape
chrXVIII,11520276,13520434,Albert et al. 2008 Evolution,Shape
chrXVIII,11520276,13520434,Albert et al. 2008 Evolution,Shape
chrXVIII,11520276,13520434,Albert et al. 2008 Evolution,Shape
chrXX,7252840,9253452,Albert et al. 2008 Evolution,Shape
chrXX,7252840,9253452,Albert et al. 2008 Evolution,Shape
chrXX,7252840,9253452,Albert et al. 2008 Evolution,Shape
chrXX,7252840,9253452,Albert et al. 2008 Evolution,Shape
chrXX,7252840,9253452,Albert et al. 2008 Evolution,Shape
chrXX,7252840,9253452,Albert et al. 2008 Evolution,Shape
chrXX,7252840,9253452,Albert et al. 2008 Evolution,Shape
chrXXI,3587761,5587929,Albert et al. 2008 Evolution,Shape
chrXXI,3587761,5587929,Albert et al. 2008 Evolution,Shape
chrXXI,3587761,5587929,Albert et al. 2008 Evolution,Shape
chrXXI,3587761,5587929,Albert et al. 2008 Evolution,Shape
chrII,13542025,22122379,Albert et al. 2008 Evolution,Shape
chrVII,27837443,27937443,Albert et al. 2008 Evolution,Shape
chrVII,27837443,27937443,Albert et al. 2008 Evolution,Shape
chrVII,27837443,27937443,Albert et al. 2008 Evolution,Shape
chrVII,27837443,27937443,Albert et al. 2008 Evolution,Shape
chrI,7545826,19946499,Arnegard et al. 2014 Nature,Shape
chrII,377479,17312835,Arnegard et al. 2014 Nature,Shape
chrII,5590307,21231538,Arnegard et al. 2014 Nature,Shape
chrII,4530808,22644752,Arnegard et al. 2014 Nature,Shape
chrII,6475468,22644752,Arnegard et al. 2014 Nature,Shape
chrII,19985741,21231538,Arnegard et al. 2014 Nature,Shape
chrIV,2045971,15052901,Arnegard et al. 2014 Nature,Shape
chrIV,1942641,5165268,Arnegard et al. 2014 Nature,Shape
chrIV,1942641,15052901,Arnegard et al. 2014 Nature,Shape
chrIV,219384,15052901,Arnegard et al. 2014 Nature,Shape
chrIV,1942641,29034665,Arnegard et al. 2014 Nature,Shape
chrIV,4034002,30568387,Arnegard et al. 2014 Nature,Shape
chrIV,339710,29763654,Arnegard et al. 2014 Nature,Shape
chrIV,339710,31350187,Arnegard et al. 2014 Nature,Shape
chrIV,1942641,31350187,Arnegard et al. 2014 Nature,Shape
chrIV,2045971,30568387,Arnegard et al. 2014 Nature,Shape
chrIX,6126845,19745222,Arnegard et al. 2014 Nature,Shape
chrVI,487411,16870159,Arnegard et al. 2014 Nature,Shape
chrVII,1481322,25193081,Arnegard et al. 2014 Nature,Shape
chrVII,2559099,25193081,Arnegard et al. 2014 Nature,Shape
chrVII,26769148,27918897,Arnegard et al. 2014 Nature,Shape
chrVIII,1929053,16954373,Arnegard et al. 2014 Nature,Shape
chrVIII,4503012,16649103,Arnegard et al. 2014 Nature,Shape
chrVIII,4503012,16649103,Arnegard et al. 2014 Nature,Shape
chrXII,548804,4042442,Arnegard et al. 2014 Nature,Shape
chrXII,2181073,4042442,Arnegard et al. 2014 Nature,Shape
chrXIII,2822352,19311265,Arnegard et al. 2014 Nature,Shape
chrXIII,2822352,19311265,Arnegard et al. 2014 Nature,Shape
chrXIV,3598443,14049917,Arnegard et al. 2014 Nature,Shape
chrXIV,1442872,15137805,Arnegard et al. 2014 Nature,Shape
chrXVI,2483136,15826700,Arnegard et al. 2014 Nature,Shape
chrXVI,2483136,14963879,Arnegard et al. 2014 Nature,Shape
chrXVI,2483136,15826700,Arnegard et al. 2014 Nature,Shape
chrXVI,6415385,14963879,Arnegard et al. 2014 Nature,Shape
chrXVI,2483136,17895677,Arnegard et al. 2014 Nature,Shape
chrXVI,8218481,17895677,Arnegard et al. 2014 Nature,Shape
chrXVI,2764206,17405918,Arnegard et al. 2014 Nature,Shape
chrXVI,2483136,16673569,Arnegard et al. 2014 Nature,Shape
chrXVII,645029,2632376,Arnegard et al. 2014 Nature,Shape
chrXVII,769372,2872553,Arnegard et al. 2014 Nature,Shape
chrXVII,2232080,13795831,Arnegard et al. 2014 Nature,Shape
chrXVIII,1211531,13193140,Arnegard et al. 2014 Nature,Shape
chrXX,1758783,17708486,Arnegard et al. 2014 Nature,Shape
chrXX,1808773,17708486,Arnegard et al. 2014 Nature,Shape
chrXX,1808773,17708486,Arnegard et al. 2014 Nature,Shape
chrXX,9279241,17708486,Arnegard et al. 2014 Nature,Shape
chrUn,10709633,12709633,Berner et al. 2014 Evolution,Shape
chrXIV,5849438,7849438,Berner et al. 2014 Evolution,Shape
chrXIX,18432535,20240660,Berner et al. 2014 Evolution,Shape
chrXIX,18432535,20240660,Berner et al. 2014 Evolution,Shape
chrXV,10777081,12777081,Berner et al. 2014 Evolution,Shape
chrI,1550,2718044,Conte et al. 2015 Genetics,Shape
chrI,2718044,15145305,Conte et al. 2015 Genetics,Shape
chrI,1550,22899825,Conte et al. 2015 Genetics,Shape
chrI,4219350,20584613,Conte et al. 2015 Genetics,Shape
chrI,4219350,7545826,Conte et al. 2015 Genetics,Shape
chrI,2718044,26879230,Conte et al. 2015 Genetics,Shape
chrI,3310077,20584613,Conte et al. 2015 Genetics,Shape
chrI,4219350,20584613,Conte et al. 2015 Genetics,Shape
chrI,2718044,20584613,Conte et al. 2015 Genetics,Shape
chrI,3494580,26879230,Conte et al. 2015 Genetics,Shape
chrI,2718044,20584613,Conte et al. 2015 Genetics,Shape
chrI,4219350,26879230,Conte et al. 2015 Genetics,Shape
chrI,4219350,26879230,Conte et al. 2015 Genetics,Shape
chrI,4219350,26879230,Conte et al. 2015 Genetics,Shape
chrI,2718044,26879230,Conte et al. 2015 Genetics,Shape
chrI,2718044,26879230,Conte et al. 2015 Genetics,Shape
chrI,4219350,17306554,Conte et al. 2015 Genetics,Shape
chrI,4219350,7545826,Conte et al. 2015 Genetics,Shape
chrI,2718044,26879230,Conte et al. 2015 Genetics,Shape
chrI,913033,3310077,Conte et al. 2015 Genetics,Shape
chrI,1550,3494580,Conte et al. 2015 Genetics,Shape
chrI,1550,3494580,Conte et al. 2015 Genetics,Shape
chrI,1550,3494580,Conte et al. 2015 Genetics,Shape
chrI,1550,2718044,Conte et al. 2015 Genetics,Shape
chrI,3494580,20584613,Conte et al. 2015 Genetics,Shape
chrI,4219350,20584613,Conte et al. 2015 Genetics,Shape
chrI,26879230,27642534,Conte et al. 2015 Genetics,Shape
chrII,4157699,19985741,Conte et al. 2015 Genetics,Shape
chrII,3384330,19985741,Conte et al. 2015 Genetics,Shape
chrII,6475468,21013052,Conte et al. 2015 Genetics,Shape
chrII,17453243,21013052,Conte et al. 2015 Genetics,Shape
chrIV,219384,219384,Conte et al. 2015 Genetics,Shape
chrIV,219384,219384,Conte et al. 2015 Genetics,Shape
chrIV,219384,15052901,Conte et al. 2015 Genetics,Shape
chrIV,219384,31611147,Conte et al. 2015 Genetics,Shape
chrIV,219384,21605258,Conte et al. 2015 Genetics,Shape
chrIV,11367975,21605258,Conte et al. 2015 Genetics,Shape
chrIV,219384,30568387,Conte et al. 2015 Genetics,Shape
chrIV,219384,30568387,Conte et al. 2015 Genetics,Shape
chrIV,30568387,32277841,Conte et al. 2015 Genetics,Shape
chrIV,29763654,32236655,Conte et al. 2015 Genetics,Shape
chrIV,15721538,32277841,Conte et al. 2015 Genetics,Shape
chrIX,18494397,19781202,Conte et al. 2015 Genetics,Shape
chrXVII,2626658,12022612,Conte et al. 2015 Genetics,Shape
chrXVII,1733515,12022612,Conte et al. 2015 Genetics,Shape
chrX,12844036,14265366,Conte et al. 2015 Genetics,Shape
chrXII,1483544,17758877,Conte et al. 2015 Genetics,Shape
chrXII,1483544,17758877,Conte et al. 2015 Genetics,Shape
chrXII,1483544,16628544,Conte et al. 2015 Genetics,Shape
chrXII,11472159,16628544,Conte et al. 2015 Genetics,Shape
chrVII,2559099,25662266,Conte et al. 2015 Genetics,Shape
chrVII,2559099,23703797,Conte et al. 2015 Genetics,Shape
chrVII,835236,23703797,Conte et al. 2015 Genetics,Shape
chrVII,19857837,21302029,Conte et al. 2015 Genetics,Shape
chrVII,19857837,21302029,Conte et al. 2015 Genetics,Shape
chrVII,2559099,23703797,Conte et al. 2015 Genetics,Shape
chrVII,835236,24217606,Conte et al. 2015 Genetics,Shape
chrVII,835236,24988330,Conte et al. 2015 Genetics,Shape
chrVII,2559099,26769148,Conte et al. 2015 Genetics,Shape
chrVII,2559099,24988330,Conte et al. 2015 Genetics,Shape
chrVII,2559099,26227403,Conte et al. 2015 Genetics,Shape
chrVII,13452516,24217606,Conte et al. 2015 Genetics,Shape
chrVII,13452516,24217606,Conte et al. 2015 Genetics,Shape
chrVII,1481322,24988330,Conte et al. 2015 Genetics,Shape
chrVII,13452516,24217606,Conte et al. 2015 Genetics,Shape
chrVII,5936068,24988330,Conte et al. 2015 Genetics,Shape
chrVII,16848769,25662266,Conte et al. 2015 Genetics,Shape
chrVII,19857837,26227403,Conte et al. 2015 Genetics,Shape
chrVIII,16843576,18760705,Conte et al. 2015 Genetics,Shape
chrVIII,16843576,18760705,Conte et al. 2015 Genetics,Shape
chrVIII,2257915,16843576,Conte et al. 2015 Genetics,Shape
chrVIII,3987295,16843576,Conte et al. 2015 Genetics,Shape
chrVIII,3987295,16843576,Conte et al. 2015 Genetics,Shape
chrXI,1017481,15005173,Conte et al. 2015 Genetics,Shape
chrXI,1017481,15005173,Conte et al. 2015 Genetics,Shape
chrXI,12746496,15154801,Conte et al. 2015 Genetics,Shape
chrXI,12746496,15154801,Conte et al. 2015 Genetics,Shape
chrXII,548804,7504339,Conte et al. 2015 Genetics,Shape
chrXII,548804,16628544,Conte et al. 2015 Genetics,Shape
chrXII,1483544,17758877,Conte et al. 2015 Genetics,Shape
chrXII,1483544,3810254,Conte et al. 2015 Genetics,Shape
chrXII,1483544,5521301,Conte et al. 2015 Genetics,Shape
chrXII,548804,3810254,Conte et al. 2015 Genetics,Shape
chrXII,548804,17758877,Conte et al. 2015 Genetics,Shape
chrXII,880748,5521301,Conte et al. 2015 Genetics,Shape
chrXII,548804,5521301,Conte et al. 2015 Genetics,Shape
chrXII,548804,5828898,Conte et al. 2015 Genetics,Shape
chrXII,548804,7504339,Conte et al. 2015 Genetics,Shape
chrXII,1483544,17758877,Conte et al. 2015 Genetics,Shape
chrXIII,2105469,2523163,Conte et al. 2015 Genetics,Shape
chrXIII,1698554,2105469,Conte et al. 2015 Genetics,Shape
chrXIII,1909687,2105469,Conte et al. 2015 Genetics,Shape
chrXIII,1001571,17249562,Conte et al. 2015 Genetics,Shape
chrXIII,1698554,18470329,Conte et al. 2015 Genetics,Shape
chrXIII,1909687,18470329,Conte et al. 2015 Genetics,Shape
chrXIV,451065,14049917,Conte et al. 2015 Genetics,Shape
chrXIV,800076,14049917,Conte et al. 2015 Genetics,Shape
chrXIV,2084777,14049917,Conte et al. 2015 Genetics,Shape
chrXIV,2084777,14049917,Conte et al. 2015 Genetics,Shape
chrXIX,1546489,8190806,Conte et al. 2015 Genetics,Shape
chrXIX,1546489,8190806,Conte et al. 2015 Genetics,Shape
chrXIX,1546489,8190806,Conte et al. 2015 Genetics,Shape
chrXIX,1546489,8190806,Conte et al. 2015 Genetics,Shape
chrXIX,1546489,8190806,Conte et al. 2015 Genetics,Shape
chrXIX,1546489,8190806,Conte et al. 2015 Genetics,Shape
chrXIX,1546489,8190806,Conte et al. 2015 Genetics,Shape
chrXIX,1546489,8190806,Conte et al. 2015 Genetics,Shape
chrXIX,1546489,8190806,Conte et al. 2015 Genetics,Shape
chrXVI,2764206,17236926,Conte et al. 2015 Genetics,Shape
chrUn,6720054,28158103,Conte et al. 2015 Genetics,Shape
chrI,3739873,19421804,Erickson et al. 2016 Evolution,Shape
chrI,11180105,14426834,Erickson et al. 2016 Evolution,Shape
chrIV,11232202,18311134,Erickson et al. 2016 Evolution,Shape
chrIV,14159692,15379479,Erickson et al. 2016 Evolution,Shape
chrIV,14159692,14891564,Erickson et al. 2016 Evolution,Shape
chrIV,14159692,31324849,Erickson et al. 2016 Evolution,Shape
chrIV,14159692,15379479,Erickson et al. 2016 Evolution,Shape
chrIV,14159692,15379479,Erickson et al. 2016 Evolution,Shape
chrIV,18556672,28775706,Erickson et al. 2016 Evolution,Shape
chrIV,18556672,28775706,Erickson et al. 2016 Evolution,Shape
chrV,9428864,10537133,Erickson et al. 2016 Evolution,Shape
chrVI,10237654,11968019,Erickson et al. 2016 Evolution,Shape
chrVII,2440725,4126506,Erickson et al. 2016 Evolution,Shape
chrVII,27367809,27613546,Erickson et al. 2016 Evolution,Shape
chrVIII,2936197,3606758,Erickson et al. 2016 Evolution,Shape
chrXII,6906405,5670353,Erickson et al. 2016 Evolution,Shape
chrXIII,4048282,6249907,Erickson et al. 2016 Evolution,Shape
chrXIII,4537532,6249907,Erickson et al. 2016 Evolution,Shape
chrXIII,15301040,17991920,Erickson et al. 2016 Evolution,Shape
chrXIX,1236207,2882509,Erickson et al. 2016 Evolution,Shape
chrXX,4012953,19732071,Erickson et al. 2016 Evolution,Shape
chrXX,18619424,19732071,Erickson et al. 2016 Evolution,Shape
chrXXI,1992190,9010697,Erickson et al. 2016 Evolution,Shape
chrXXI,5380435,9010697,Erickson et al. 2016 Evolution,Shape
chrXXI,5380435,10447150,Erickson et al. 2016 Evolution,Shape
chrXXI,6832540,10447150,Erickson et al. 2016 Evolution,Shape
chrXXI,6832540,10447150,Erickson et al. 2016 Evolution,Shape
chrXXI,10209296,11398568,Erickson et al. 2016 Evolution,Shape
chrI,2434762,18878483,Liu et al. 2014 G3,Shape
chrI,5455664,24932820,Liu et al. 2014 G3,Shape
chrV,6426588,10240359,Liu et al. 2014 G3,Shape
chrXII,5850508,13826118,Liu et al. 2014 G3,Shape
chrXII,11409165,13826118,Liu et al. 2014 G3,Shape
chrXIII,3913576,6175858,Liu et al. 2014 G3,Shape
chrXIII,3913576,13180379,Liu et al. 2014 G3,Shape
chrXIII,3913576,13180379,Liu et al. 2014 G3,Shape
chrXIII,3913576,9617733,Liu et al. 2014 G3,Shape
chrXIII,3913576,13180379,Liu et al. 2014 G3,Shape
chrXIII,3913576,13180379,Liu et al. 2014 G3,Shape
chrXIX,1643763,15863729,Liu et al. 2014 G3,Shape
chrXV,6134163,10145445,Liu et al. 2014 G3,Shape
chrXVI,4544023,15284747,Liu et al. 2014 G3,Shape
chrXVI,7973363,12808591,Liu et al. 2014 G3,Shape
chrXVII,873872,5471871,Liu et al. 2014 G3,Shape
chrXX,7483155,16009419,Liu et al. 2014 G3,Shape
chrX,7152473,14148435,Liu et al. 2014 G3,Shape
chrXXI,4278648,8938069,Liu et al. 2014 G3,Shape
chrXXI,6525514,8938069,Liu et al. 2014 G3,Shape
chrXXI,6525514,8938069,Liu et al. 2014 G3,Shape
chrXXI,6525514,8938069,Liu et al. 2014 G3,Shape
chrXXI,6525514,8938069,Liu et al. 2014 G3,Shape
chrXXI,7545763,8938069,Liu et al. 2014 G3,Shape
chrXXI,7545763,8938069,Liu et al. 2014 G3,Shape
chrXXI,7545763,8938069,Liu et al. 2014 G3,Shape
chrXXI,7545763,8938069,Liu et al. 2014 G3,Shape
chrXXI,7545763,8938069,Liu et al. 2014 G3,Shape
chrXXI,7545763,8938069,Liu et al. 2014 G3,Shape
chrXXI,7545763,8938069,Liu et al. 2014 G3,Shape
chrXII,4247384,18401067,Liu et al. 2014 G3,Shape
chrXXI,6525514,8938069,Liu et al. 2014 G3,Shape
chrXXI,6525514,8938069,Liu et al. 2014 G3,Shape
chrXXI,6525514,8938069,Liu et al. 2014 G3,Shape
chrXXI,7545763,8938069,Liu et al. 2014 G3,Shape
chrXXI,7545763,8938069,Liu et al. 2014 G3,Shape
chrX,7152473,14148435,Liu et al. 2014 G3,Shape
chrI,6086284,8086382,Malek et al. 2012 Mol Ecol,Shape
chrIV,14232047,16232282,Malek et al. 2012 Mol Ecol,Shape
chrIV,23284606,25284769,Malek et al. 2012 Mol Ecol,Shape
chrVII,6478502,8478687,Malek et al. 2012 Mol Ecol,Shape
chrVII,12663683,14664252,Malek et al. 2012 Mol Ecol,Shape
chrVII,18807490,20808044,Malek et al. 2012 Mol Ecol,Shape
chrIV,5107609,16232282,Malek et al. 2012 Mol Ecol,Shape
chrI,4631690,16713323,Miller et al. 2014 Genetics,Shape
chrI,4631690,16713323,Miller et al. 2014 Genetics,Shape
chrI,7086284,16713323,Miller et al. 2014 Genetics,Shape
chrIV,1926094,28557932,Miller et al. 2014 Genetics,Shape
chrVII,1038766,24230078,Miller et al. 2014 Genetics,Shape
chrVIII,727330,10201908,Miller et al. 2014 Genetics,Shape
chrVIII,727330,12151566,Miller et al. 2014 Genetics,Shape
chrVIII,6987227,15385785,Miller et al. 2014 Genetics,Shape
chrXIII,8142821,16102319,Miller et al. 2014 Genetics,Shape
chrXIII,6754994,16836768,Miller et al. 2014 Genetics,Shape
chrXIV,8491338,13557315,Miller et al. 2014 Genetics,Shape
chrXV,6134159,10293757,Miller et al. 2014 Genetics,Shape
chrXVIII,9393393,12520434,Miller et al. 2014 Genetics,Shape
chrXX,3338474,14682376,Miller et al. 2014 Genetics,Shape
chrXX,3338474,7269290,Miller et al. 2014 Genetics,Shape
chrXX,3338474,14682376,Miller et al. 2014 Genetics,Shape
chrI,88288,3221089,Rogers et al. 2012 Evolution,Shape
chrI,1220911,3221089,Rogers et al. 2012 Evolution,Shape
chrI,3730526,26435490,Rogers et al. 2012 Evolution,Shape
chrI,3730526,26435490,Rogers et al. 2012 Evolution,Shape
chrI,3730526,5730725,Rogers et al. 2012 Evolution,Shape
chrI,6086284,26435490,Rogers et al. 2012 Evolution,Shape
chrI,6086284,26435490,Rogers et al. 2012 Evolution,Shape
chrII,1141832,4836310,Rogers et al. 2012 Evolution,Shape
chrIV,2004092,4004707,Rogers et al. 2012 Evolution,Shape
chrIV,3455356,12586185,Rogers et al. 2012 Evolution,Shape
chrIV,3455356,12586185,Rogers et al. 2012 Evolution,Shape
chrIV,3455356,16232282,Rogers et al. 2012 Evolution,Shape
chrIV,3455356,16232282,Rogers et al. 2012 Evolution,Shape
chrIV,10585867,29457182,Rogers et al. 2012 Evolution,Shape
chrIV,10585867,29457182,Rogers et al. 2012 Evolution,Shape
chrIV,10585867,12586185,Rogers et al. 2012 Evolution,Shape
chrIV,10585867,17331900,Rogers et al. 2012 Evolution,Shape
chrIV,10585867,29457182,Rogers et al. 2012 Evolution,Shape
chrIV,10585867,17331900,Rogers et al. 2012 Evolution,Shape
chrIV,10585867,29457182,Rogers et al. 2012 Evolution,Shape
chrIV,14232047,29457182,Rogers et al. 2012 Evolution,Shape
chrIV,14232047,29457182,Rogers et al. 2012 Evolution,Shape
chrIX,1,18846382,Rogers et al. 2012 Evolution,Shape
chrUn,5125011,7125185,Rogers et al. 2012 Evolution,Shape
chrUn,5125011,7125185,Rogers et al. 2012 Evolution,Shape
chrUn,17864087,19864331,Rogers et al. 2012 Evolution,Shape
chrVII,1440718,6222584,Rogers et al. 2012 Evolution,Shape
chrVII,1440718,6222584,Rogers et al. 2012 Evolution,Shape
chrVII,4222423,6222584,Rogers et al. 2012 Evolution,Shape
chrVII,24107948,27661766,Rogers et al. 2012 Evolution,Shape
chrVII,24107948,27661766,Rogers et al. 2012 Evolution,Shape
chrVIII,14002303,18370594,Rogers et al. 2012 Evolution,Shape
chrXI,5536292,12859429,Rogers et al. 2012 Evolution,Shape
chrXII,1,13922915,Rogers et al. 2012 Evolution,Shape
chrXII,1,13922915,Rogers et al. 2012 Evolution,Shape
chrXII,1,13922915,Rogers et al. 2012 Evolution,Shape
chrXII,4799613,6799776,Rogers et al. 2012 Evolution,Shape
chrXII,4799776,13922318,Rogers et al. 2012 Evolution,Shape
chrXII,4799776,13922318,Rogers et al. 2012 Evolution,Shape
chrXII,4799776,13922318,Rogers et al. 2012 Evolution,Shape
chrXII,4799776,13922318,Rogers et al. 2012 Evolution,Shape
chrXII,11922318,13922915,Rogers et al. 2012 Evolution,Shape
chrXII,4799776,13922318,Rogers et al. 2012 Evolution,Shape
chrXII,14378417,16378558,Rogers et al. 2012 Evolution,Shape
chrXIII,15836768,20083130,Rogers et al. 2012 Evolution,Shape
chrXIII,15836768,20083130,Rogers et al. 2012 Evolution,Shape
chrXIV,12557315,14616986,Rogers et al. 2012 Evolution,Shape
chrXIV,12557315,14616986,Rogers et al. 2012 Evolution,Shape
chrXIX,11275339,20240660,Rogers et al. 2012 Evolution,Shape
chrXVI,2927459,14136341,Rogers et al. 2012 Evolution,Shape
chrXVI,2927459,14136341,Rogers et al. 2012 Evolution,Shape
chrXVI,12136133,14136341,Rogers et al. 2012 Evolution,Shape
chrXVII,218822,10858767,Rogers et al. 2012 Evolution,Shape
chrXVIII,1847300,3847500,Rogers et al. 2012 Evolution,Shape
chrXVIII,1847300,3847500,Rogers et al. 2012 Evolution,Shape
chrXVIII,6613260,8613434,Rogers et al. 2012 Evolution,Shape
chrXX,10606215,12606611,Rogers et al. 2012 Evolution,Shape
chrI,373326,3088354,Rogers et al. 2012 Evolution,Shape
chrI,373326,3088354,Rogers et al. 2012 Evolution,Shape
chrIV,1942641,32592491,Arnegard et al. 2014 Nature,Armour
chrVII,20883742,26769148,Arnegard et al. 2014 Nature,Armour
chrVII,26769148,27918897,Arnegard et al. 2014 Nature,Armour
chrXI,457909,12550151,Arnegard et al. 2014 Nature,Armour
chrIV,3185607,5185607,Berner et al. 2014 Evolution,Armour
chrIV,5474941,7474941,Berner et al. 2014 Evolution,Armour
chrIV,11797213,13797213,Berner et al. 2014 Evolution,Armour
chrIX,8659641,10659641,Berner et al. 2014 Evolution,Armour
chrXI,5239999,7239999,Berner et al. 2014 Evolution,Armour
chrXI,5239999,7239999,Berner et al. 2014 Evolution,Armour
chrXI,9140558,11140558,Berner et al. 2014 Evolution,Armour
chrXI,9140558,11140558,Berner et al. 2014 Evolution,Armour
chrIV,10585867,12586185,Colosimo et al. 2004 PLoS Biol,Armour
chrIV,10585867,12586185,Colosimo et al. 2004 PLoS Biol,Armour
chrIV,10585867,12586185,Colosimo et al. 2004 PLoS Biol,Armour
chrIV,20006196,22006994,Colosimo et al. 2004 PLoS Biol,Armour
chrUn,5125011,7125185,Colosimo et al. 2004 PLoS Biol,Armour
chrVII,4222423,6222584,Colosimo et al. 2004 PLoS Biol,Armour
chrVII,6478502,8478687,Colosimo et al. 2004 PLoS Biol,Armour
chrVII,6478502,8478687,Colosimo et al. 2004 PLoS Biol,Armour
chrVII,6478502,8478687,Colosimo et al. 2004 PLoS Biol,Armour
chrVII,6478502,8478687,Colosimo et al. 2004 PLoS Biol,Armour
chrVII,6478502,8478687,Colosimo et al. 2004 PLoS Biol,Armour
chrX,5169731,7169864,Colosimo et al. 2004 PLoS Biol,Armour
chrX,5169731,7169864,Colosimo et al. 2004 PLoS Biol,Armour
chrX,5169731,7169864,Colosimo et al. 2004 PLoS Biol,Armour
chrX,9572913,11583497,Colosimo et al. 2004 PLoS Biol,Armour
chrXX,2079660,4080347,Colosimo et al. 2004 PLoS Biol,Armour
chrXX,2079660,4080347,Colosimo et al. 2004 PLoS Biol,Armour
chrXXI,3587761,5587929,Colosimo et al. 2004 PLoS Biol,Armour
chrXXI,3587761,5587929,Colosimo et al. 2004 PLoS Biol,Armour
chrXXI,3587761,5587929,Colosimo et al. 2004 PLoS Biol,Armour
chrII,19324477,19985741,Conte et al. 2015 Genetics,Armour
chrII,4157699,19985741,Conte et al. 2015 Genetics,Armour
chrII,3931852,21013052,Conte et al. 2015 Genetics,Armour
chrII,919438,21013052,Conte et al. 2015 Genetics,Armour
chrVII,13452516,25662266,Conte et al. 2015 Genetics,Armour
chrVII,18353106,26227403,Conte et al. 2015 Genetics,Armour
chrVII,1569236,24988330,Conte et al. 2015 Genetics,Armour
chrXVI,3206769,17405918,Conte et al. 2015 Genetics,Armour
chrXVI,14093156,17405918,Conte et al. 2015 Genetics,Armour
chrVII,27837443,27937443,Coyle et al. 2007 J  Hered,Armour
chrVII,27837443,27937443,Coyle et al. 2007 J  Hered,Armour
chrVII,27837443,27937443,Coyle et al. 2007 J  Hered,Armour
chrVII,27837443,27937443,Coyle et al. 2007 J  Hered,Armour
chrVII,27837443,27937443,Coyle et al. 2007 J  Hered,Armour
chrIV,13933780,15934462,Cresko et al. 2004 PNAS,Armour
chrVII,25661087,27661766,Cresko et al. 2004 PNAS,Armour
chrI,2276857,19922302,Erickson et al. 2016 Evolution,Armour
chrI,6684641,19922302,Erickson et al. 2016 Evolution,Armour
chrI,13178092,17923313,Erickson et al. 2016 Evolution,Armour
chrI,20167899,27586784,Erickson et al. 2016 Evolution,Armour
chrIII,10898012,13112714,Erickson et al. 2016 Evolution,Armour
chrIV,11232202,15867394,Erickson et al. 2016 Evolution,Armour
chrIV,12695947,13427819,Erickson et al. 2016 Evolution,Armour
chrIV,13183862,14891564,Erickson et al. 2016 Evolution,Armour
chrIV,13671777,14891564,Erickson et al. 2016 Evolution,Armour
chrIV,13671777,12939904,Erickson et al. 2016 Evolution,Armour
chrIV,14159692,19784365,Erickson et al. 2016 Evolution,Armour
chrIV,14647607,16355309,Erickson et al. 2016 Evolution,Armour
chrIV,14647607,16355309,Erickson et al. 2016 Evolution,Armour
chrIV,25309430,28775706,Erickson et al. 2016 Evolution,Armour
chrV,7631512,3446486,Erickson et al. 2016 Evolution,Armour
chrVI,12709604,14439970,Erickson et al. 2016 Evolution,Armour
chrVI,13203994,14439970,Erickson et al. 2016 Evolution,Armour
chrVII,3404029,22207321,Erickson et al. 2016 Evolution,Armour
chrVII,7268303,22698796,Erickson et al. 2016 Evolution,Armour
chrVII,14589459,21715846,Erickson et al. 2016 Evolution,Armour
chrVII,27367809,27613546,Erickson et al. 2016 Evolution,Armour
chrVII,27367809,27613546,Erickson et al. 2016 Evolution,Armour
chrVIII,8636334,13743649,Erickson et al. 2016 Evolution,Armour
chrX,11390614,12602381,Erickson et al. 2016 Evolution,Armour
chrXI,11915316,14653975,Erickson et al. 2016 Evolution,Armour
chrXIII,4048282,6739157,Erickson et al. 2016 Evolution,Armour
chrXIX,11037521,7306519,Erickson et al. 2016 Evolution,Armour
chrXX,11348675,4257478,Erickson et al. 2016 Evolution,Armour
chrXXI,1508156,10447150,Erickson et al. 2016 Evolution,Armour
chrXXI,1508156,11398568,Erickson et al. 2016 Evolution,Armour
chrXXI,2476225,10447150,Erickson et al. 2016 Evolution,Armour
chrXXI,3928330,10447150,Erickson et al. 2016 Evolution,Armour
chrXXI,4412365,9010697,Erickson et al. 2016 Evolution,Armour
chrXXI,6832540,9010697,Erickson et al. 2016 Evolution,Armour
chrIV,12208032,13671777,Glazer et al. 2015 G3,Armour
chrIV,12695947,13671777,Glazer et al. 2015 G3,Armour
chrVII,4367333,21470109,Glazer et al. 2015 G3,Armour
chrIV,11585867,22671119,Liu et al. 2014 G3,Armour
chrIX,12668166,15365445,Liu et al. 2014 G3,Armour
chrVII,2300505,5222127,Liu et al. 2014 G3,Armour
chrVII,1038649,27937443,Liu et al. 2014 G3,Armour
chrVII,1038649,27937443,Liu et al. 2014 G3,Armour
chrXI,219488,13179760,Liu et al. 2014 G3,Armour
chrXIII,3913576,9617733,Liu et al. 2014 G3,Armour
chrXVI,4544023,15284747,Liu et al. 2014 G3,Armour
chrXXI,6525514,8938069,Liu et al. 2014 G3,Armour
chrXXI,7545763,8938069,Liu et al. 2014 G3,Armour
chrXXI,7545763,8938069,Liu et al. 2014 G3,Armour
chrXXI,7545763,8938069,Liu et al. 2014 G3,Armour
chrXXI,7545763,8938069,Liu et al. 2014 G3,Armour
chrII,4374171,21162184,Miller et al. 2014 Genetics,Armour
chrIII,14416331,16391681,Miller et al. 2014 Genetics,Armour
chrIV,11585867,19663288,Miller et al. 2014 Genetics,Armour
chrIV,6107609,14934462,Miller et al. 2014 Genetics,Armour
chrIV,6107609,24284769,Miller et al. 2014 Genetics,Armour
chrIV,11585867,14934462,Miller et al. 2014 Genetics,Armour
chrIV,11585867,14934462,Miller et al. 2014 Genetics,Armour
chrIV,11742882,28557932,Miller et al. 2014 Genetics,Armour
chrIX,9535079,14127502,Miller et al. 2014 Genetics,Armour
chrIX,2131739,10225897,Miller et al. 2014 Genetics,Armour
chrV,5236061,12219117,Miller et al. 2014 Genetics,Armour
chrVII,2440718,26449376,Miller et al. 2014 Genetics,Armour
chrVIII,1064809,15900148,Miller et al. 2014 Genetics,Armour
chrX,1241687,10583497,Miller et al. 2014 Genetics,Armour
chrX,1241687,10583497,Miller et al. 2014 Genetics,Armour
chrXI,3034795,11859429,Miller et al. 2014 Genetics,Armour
chrXIII,5298608,19175610,Miller et al. 2014 Genetics,Armour
chrXVI,2350690,12341614,Miller et al. 2014 Genetics,Armour
chrXVI,3927459,15284863,Miller et al. 2014 Genetics,Armour
chrXVI,6274652,15284863,Miller et al. 2014 Genetics,Armour
chrXVII,4745206,14603141,Miller et al. 2014 Genetics,Armour
chrXVII,9858642,14603141,Miller et al. 2014 Genetics,Armour
chrXVIII,7613434,9393393,Miller et al. 2014 Genetics,Armour
chrXVIII,7613434,9393393,Miller et al. 2014 Genetics,Armour
chrXX,1511530,14682376,Miller et al. 2014 Genetics,Armour
chrXX,1511530,14682376,Miller et al. 2014 Genetics,Armour
chrXX,3338474,14682376,Miller et al. 2014 Genetics,Armour
chrXX,1511530,14682376,Miller et al. 2014 Genetics,Armour
chrXX,7269499,14682376,Miller et al. 2014 Genetics,Armour
chrI,7085842,22279555,Peichel et al. 2001 Nature,Armour
chrII,21122251,22995240,Peichel et al. 2001 Nature,Armour
chrUn,6282581,8282789,Peichel et al. 2001 Nature,Armour
chrVIII,15899997,19368704,Peichel et al. 2001 Nature,Armour
chrVIII,15002303,18354715,Peichel et al. 2001 Nature,Armour
chrXI,9085119,14561851,Peichel et al. 2001 Nature,Armour
chrXIII,2313683,16836768,Peichel et al. 2001 Nature,Armour
chrIV,3455356,16232282,Rogers et al. 2012 Evolution,Armour
chrIV,3455356,16232282,Rogers et al. 2012 Evolution,Armour
chrIV,10585867,29457182,Rogers et al. 2012 Evolution,Armour
chrIV,10585867,17331900,Rogers et al. 2012 Evolution,Armour
chrIV,10585867,12586185,Rogers et al. 2012 Evolution,Armour
chrIV,10585867,29457182,Rogers et al. 2012 Evolution,Armour
chrIV,10585867,12586185,Rogers et al. 2012 Evolution,Armour
chrIV,10585867,29457182,Rogers et al. 2012 Evolution,Armour
chrIV,10585867,12586185,Rogers et al. 2012 Evolution,Armour
chrIV,14232047,29457182,Rogers et al. 2012 Evolution,Armour
chrIV,14232047,29457182,Rogers et al. 2012 Evolution,Armour
chrIX,1,18846382,Rogers et al. 2012 Evolution,Armour
chrXIII,14905199,20083130,Rogers et al. 2012 Evolution,Armour
chrXX,2570763,15682376,Rogers et al. 2012 Evolution,Armour
chrI,6085842,8086410,Shapiro et al. 2004 Nature,Armour
chrII,6048976,8049171,Shapiro et al. 2004 Nature,Armour
chrII,6048976,8049171,Shapiro et al. 2004 Nature,Armour
chrIV,10585867,12586185,Shapiro et al. 2004 Nature,Armour
chrIV,10585867,12586185,Shapiro et al. 2004 Nature,Armour
chrVII,27837443,27937443,Shapiro et al. 2004 Nature,Armour
chrVII,27837443,27937443,Shapiro et al. 2004 Nature,Armour
chrVII,27837443,27937443,Shapiro et al. 2004 Nature,Armour
chrVII,27837443,27937443,Shapiro et al. 2004 Nature,Armour
chrVII,27837443,27937443,Shapiro et al. 2004 Nature,Armour
chrX,241687,2241915,Shapiro et al. 2004 Nature,Armour
chrIV,11817401,13817401,Wark et al. 2012 G3,Armour
chrIV,10812344,13850026,Wark et al. 2012 G3,Armour
chrIV,11817401,13817401,Wark et al. 2012 G3,Armour
chrVII,26757015,27937443,Wark et al. 2012 G3,Armour
chrXXI,3500405,5500405,Wark et al. 2012 G3,Armour
chrXXI,3500405,5500405,Wark et al. 2012 G3,Armour
chrXXI,3500405,5500405,Wark et al. 2012 G3,Armour
chrI,3310077,19946499,Arnegard et al. 2014 Nature,Gills
chrII,377479,17453243,Arnegard et al. 2014 Nature,Gills
chrII,4530808,19985741,Arnegard et al. 2014 Nature,Gills
chrIV,339710,15721538,Arnegard et al. 2014 Nature,Gills
chrIV,5165268,29763654,Arnegard et al. 2014 Nature,Gills
chrIX,15475540,18826248,Arnegard et al. 2014 Nature,Gills
chrIX,13852312,18826248,Arnegard et al. 2014 Nature,Gills
chrIX,13852312,18942598,Arnegard et al. 2014 Nature,Gills
chrVII,5936068,24217606,Arnegard et al. 2014 Nature,Gills
chrVII,2559099,25910223,Arnegard et al. 2014 Nature,Gills
chrVIII,3987295,17576018,Arnegard et al. 2014 Nature,Gills
chrVIII,4503012,18432598,Arnegard et al. 2014 Nature,Gills
chrXII,16628544,17470353,Arnegard et al. 2014 Nature,Gills
chrXII,2181073,6913126,Arnegard et al. 2014 Nature,Gills
chrXIV,1442872,14049917,Arnegard et al. 2014 Nature,Gills
chrXVI,2483136,14093156,Arnegard et al. 2014 Nature,Gills
chrXX,1808773,17708486,Arnegard et al. 2014 Nature,Gills
chrXX,2312273,17708486,Arnegard et al. 2014 Nature,Gills
chrIV,1,1570692,Berner et al. 2014 Evolution,Gills
chrVI,11733534,13733534,Berner et al. 2014 Evolution,Gills
chrI,3631690,5631790,Cleves et al. 2014 PNAS,Gills
chrIV,13933780,15934462,Cleves et al. 2014 PNAS,Gills
chrIV,24376712,26376967,Cleves et al. 2014 PNAS,Gills
chrVII,16330866,18330982,Cleves et al. 2014 PNAS,Gills
chrX,3759544,5760146,Cleves et al. 2014 PNAS,Gills
chrXIII,7142821,9143387,Cleves et al. 2014 PNAS,Gills
chrXX,2079660,4080347,Cleves et al. 2014 PNAS,Gills
chrXXI,1,1786308,Cleves et al. 2014 PNAS,Gills
chrXXI,794897,2795146,Cleves et al. 2014 PNAS,Gills
chrXXI,2564997,5120542,Cleves et al. 2014 PNAS,Gills
chrI,4219350,20584613,Conte et al. 2015 Genetics,Gills
chrI,4219350,20584613,Conte et al. 2015 Genetics,Gills
chrI,1550,27642534,Conte et al. 2015 Genetics,Gills
chrIII,105665,14248039,Conte et al. 2015 Genetics,Gills
chrIII,105665,14248039,Conte et al. 2015 Genetics,Gills
chrVII,835236,24217606,Conte et al. 2015 Genetics,Gills
chrVII,13452516,19857837,Conte et al. 2015 Genetics,Gills
chrVII,5936068,24217606,Conte et al. 2015 Genetics,Gills
chrVII,5936068,24988330,Conte et al. 2015 Genetics,Gills
chrVII,13452516,24217606,Conte et al. 2015 Genetics,Gills
chrIV,178147,2893983,Ellis et al. 2015 Development,Gills
chrIX,6977679,16196064,Ellis et al. 2015 Development,Gills
chrXIII,1228554,1700080,Ellis et al. 2015 Development,Gills
chrXIX,2647324,17504592,Ellis et al. 2015 Development,Gills
chrXVI,13447161,17386023,Ellis et al. 2015 Development,Gills
chrXVII,3921848,11485441,Ellis et al. 2015 Development,Gills
chrXVIII,241130,3134685,Ellis et al. 2015 Development,Gills
chrXVIII,5070409,12934334,Ellis et al. 2015 Development,Gills
chrXVIII,3134685,10993948,Ellis et al. 2015 Development,Gills
chrXXI,3928330,8768680,Ellis et al. 2015 Development,Gills
chrIV,3004386,21352626,Erickson et al. 2014 Proc R Soc B,Gills
chrIV,4455356,21352626,Erickson et al. 2014 Proc R Soc B,Gills
chrXXI,498566,9911354,Erickson et al. 2014 Proc R Soc B,Gills
chrXXI,1632960,9043760,Erickson et al. 2014 Proc R Soc B,Gills
chrI,13677589,15425828,Erickson et al. 2016 Evolution,Gills
chrI,14676583,25325447,Erickson et al. 2016 Evolution,Gills
chrI,27736566,27586784,Erickson et al. 2016 Evolution,Gills
chrIII,9421544,11636246,Erickson et al. 2016 Evolution,Gills
chrIII,10898012,12620558,Erickson et al. 2016 Evolution,Gills
chrIV,4859294,6578942,Erickson et al. 2016 Evolution,Gills
chrIV,6333278,13915734,Erickson et al. 2016 Evolution,Gills
chrIV,7807262,29194725,Erickson et al. 2016 Evolution,Gills
chrIV,9768457,14891564,Erickson et al. 2016 Evolution,Gills
chrIV,14647607,29194725,Erickson et al. 2016 Evolution,Gills
chrIV,17087182,24606448,Erickson et al. 2016 Evolution,Gills
chrIV,17087182,18311134,Erickson et al. 2016 Evolution,Gills
chrIV,21503134,30451783,Erickson et al. 2016 Evolution,Gills
chrIV,22485290,29194725,Erickson et al. 2016 Evolution,Gills
chrIV,26246740,18311134,Erickson et al. 2016 Evolution,Gills
chrIV,28566197,30451783,Erickson et al. 2016 Evolution,Gills
chrIV,28566197,30451783,Erickson et al. 2016 Evolution,Gills
chrIV,28985216,30888816,Erickson et al. 2016 Evolution,Gills
chrIV,28985216,30451783,Erickson et al. 2016 Evolution,Gills
chrIV,29823254,30888816,Erickson et al. 2016 Evolution,Gills
chrIV,29823254,31324849,Erickson et al. 2016 Evolution,Gills
chrIV,29823254,31324849,Erickson et al. 2016 Evolution,Gills
chrIV,29823254,30451783,Erickson et al. 2016 Evolution,Gills
chrIV,30670800,31760882,Erickson et al. 2016 Evolution,Gills
chrIV,30670800,31324849,Erickson et al. 2016 Evolution,Gills
chrIV,31106833,32632948,Erickson et al. 2016 Evolution,Gills
chrIV,31106833,32632948,Erickson et al. 2016 Evolution,Gills
chrIX,17651601,3350821,Erickson et al. 2016 Evolution,Gills
chrIX,18633412,19485083,Erickson et al. 2016 Evolution,Gills
chrUn,39793148,32163437,Erickson et al. 2016 Evolution,Gills
chrV,2707953,8321596,Erickson et al. 2016 Evolution,Gills
chrV,3200308,8764503,Erickson et al. 2016 Evolution,Gills
chrV,4185020,9207410,Erickson et al. 2016 Evolution,Gills
chrVII,134931,18275521,Erickson et al. 2016 Evolution,Gills
chrVII,3404029,7993524,Erickson et al. 2016 Evolution,Gills
chrVII,3404029,5092638,Erickson et al. 2016 Evolution,Gills
chrVII,3404029,5092638,Erickson et al. 2016 Evolution,Gills
chrVII,3404029,22207321,Erickson et al. 2016 Evolution,Gills
chrVII,3404029,5092638,Erickson et al. 2016 Evolution,Gills
chrVII,7751784,16309621,Erickson et al. 2016 Evolution,Gills
chrVII,16063884,23190271,Erickson et al. 2016 Evolution,Gills
chrVII,22944534,24173221,Erickson et al. 2016 Evolution,Gills
chrVIII,2489157,4988251,Erickson et al. 2016 Evolution,Gills
chrVIII,2489157,9365950,Erickson et al. 2016 Evolution,Gills
chrVIII,2489157,14716471,Erickson et al. 2016 Evolution,Gills
chrVIII,3830279,5474662,Erickson et al. 2016 Evolution,Gills
chrVIII,4277320,15689293,Erickson et al. 2016 Evolution,Gills
chrVIII,11068389,15202882,Erickson et al. 2016 Evolution,Gills
chrVIII,12041211,16662115,Erickson et al. 2016 Evolution,Gills
chrVIII,12041211,14716471,Erickson et al. 2016 Evolution,Gills
chrVIII,12041211,15689293,Erickson et al. 2016 Evolution,Gills
chrVIII,12527622,15689293,Erickson et al. 2016 Evolution,Gills
chrVIII,13500444,14716471,Erickson et al. 2016 Evolution,Gills
chrVIII,13986855,16662115,Erickson et al. 2016 Evolution,Gills
chrVIII,13986855,16175704,Erickson et al. 2016 Evolution,Gills
chrX,2665888,11632967,Erickson et al. 2016 Evolution,Gills
chrX,3150595,12117674,Erickson et al. 2016 Evolution,Gills
chrXII,1968154,6164774,Erickson et al. 2016 Evolution,Gills
chrXIV,4510481,9164095,Erickson et al. 2016 Evolution,Gills
chrXIV,11368443,13948946,Erickson et al. 2016 Evolution,Gills
chrXIX,2176951,3352881,Erickson et al. 2016 Evolution,Gills
chrXIX,2176951,17753326,Erickson et al. 2016 Evolution,Gills
chrXIX,3117695,5814118,Erickson et al. 2016 Evolution,Gills
chrXIX,16509658,8301453,Erickson et al. 2016 Evolution,Gills
chrXVI,7014318,15179079,Erickson et al. 2016 Evolution,Gills
chrXVI,7509152,9241071,Erickson et al. 2016 Evolution,Gills
chrXVII,12444733,14603141,Erickson et al. 2016 Evolution,Gills
chrXX,3523905,2790334,Erickson et al. 2016 Evolution,Gills
chrXX,4012953,2790334,Erickson et al. 2016 Evolution,Gills
chrXX,5480097,3768430,Erickson et al. 2016 Evolution,Gills
chrXX,6947241,4746526,Erickson et al. 2016 Evolution,Gills
chrXX,14772018,4746526,Erickson et al. 2016 Evolution,Gills
chrXX,15750116,14527494,Erickson et al. 2016 Evolution,Gills
chrXXI,1992190,5622452,Erickson et al. 2016 Evolution,Gills
chrXXI,2476225,9010697,Erickson et al. 2016 Evolution,Gills
chrXXI,3928330,11398568,Erickson et al. 2016 Evolution,Gills
chrXXI,4896400,10447150,Erickson et al. 2016 Evolution,Gills
chrXXI,6832540,11398568,Erickson et al. 2016 Evolution,Gills
chrXXI,7800610,11398568,Erickson et al. 2016 Evolution,Gills
chrIV,3004386,16845346,Glazer et al. 2014 EvoDevo,Gills
chrIV,15366117,30500157,Glazer et al. 2014 EvoDevo,Gills
chrIV,15366117,30500157,Glazer et al. 2014 EvoDevo,Gills
chrXX,15707285,18612675,Glazer et al. 2014 EvoDevo,Gills
chrXX,4466440,15707285,Glazer et al. 2014 EvoDevo,Gills
chrXX,4466440,13486125,Glazer et al. 2014 EvoDevo,Gills
chrI,2276858,22132679,Glazer et al. 2015 G3,Gills
chrIV,4859295,29823254,Glazer et al. 2015 G3,Gills
chrX,8967079,13814149,Glazer et al. 2015 G3,Gills
chrXI,7433878,13409131,Glazer et al. 2015 G3,Gills
chrXIX,4072987,7057785,Glazer et al. 2015 G3,Gills
chrXX,3523906,19064483,Glazer et al. 2015 G3,Gills
chrXX,4012954,15750116,Glazer et al. 2015 G3,Gills
chrI,2765052,18878190,Miller et al. 2014 Genetics,Gills
chrI,4730526,19627248,Miller et al. 2014 Genetics,Gills
chrI,2765052,17866367,Miller et al. 2014 Genetics,Gills
chrI,4730526,16713323,Miller et al. 2014 Genetics,Gills
chrI,4730526,9077346,Miller et al. 2014 Genetics,Gills
chrI,2963181,16713323,Miller et al. 2014 Genetics,Gills
chrI,4631690,9077346,Miller et al. 2014 Genetics,Gills
chrI,4730526,16713323,Miller et al. 2014 Genetics,Gills
chrI,4730526,16713323,Miller et al. 2014 Genetics,Gills
chrI,4730526,16713323,Miller et al. 2014 Genetics,Gills
chrI,2963181,16713323,Miller et al. 2014 Genetics,Gills
chrI,2963181,18570388,Miller et al. 2014 Genetics,Gills
chrI,4730526,18570388,Miller et al. 2014 Genetics,Gills
chrI,2963181,19627248,Miller et al. 2014 Genetics,Gills
chrI,2220911,20849452,Miller et al. 2014 Genetics,Gills
chrII,2141832,13092244,Miller et al. 2014 Genetics,Gills
chrII,2141832,13092244,Miller et al. 2014 Genetics,Gills
chrII,2141832,21162184,Miller et al. 2014 Genetics,Gills
chrII,3673898,7243415,Miller et al. 2014 Genetics,Gills
chrII,7242752,21162184,Miller et al. 2014 Genetics,Gills
chrII,7242752,21162184,Miller et al. 2014 Genetics,Gills
chrII,7242752,21162184,Miller et al. 2014 Genetics,Gills
chrII,14542025,21162184,Miller et al. 2014 Genetics,Gills
chrII,7242752,21162184,Miller et al. 2014 Genetics,Gills
chrII,14542025,21162184,Miller et al. 2014 Genetics,Gills
chrII,7048976,21122379,Miller et al. 2014 Genetics,Gills
chrII,21122379,21231990,Miller et al. 2014 Genetics,Gills
chrII,21122379,21231990,Miller et al. 2014 Genetics,Gills
chrIII,4622006,16391681,Miller et al. 2014 Genetics,Gills
chrIV,1283448,3004707,Miller et al. 2014 Genetics,Gills
chrIV,1283448,3004707,Miller et al. 2014 Genetics,Gills
chrIV,1926094,11586185,Miller et al. 2014 Genetics,Gills
chrIV,1926094,21352626,Miller et al. 2014 Genetics,Gills
chrIV,1926094,11586185,Miller et al. 2014 Genetics,Gills
chrIV,4455356,14934462,Miller et al. 2014 Genetics,Gills
chrIV,6107609,28557932,Miller et al. 2014 Genetics,Gills
chrIV,6107609,14934462,Miller et al. 2014 Genetics,Gills
chrIV,6107609,14934462,Miller et al. 2014 Genetics,Gills
chrIV,6107609,15625933,Miller et al. 2014 Genetics,Gills
chrIV,4455356,15232282,Miller et al. 2014 Genetics,Gills
chrIV,4455356,15232282,Miller et al. 2014 Genetics,Gills
chrIV,6107609,28557932,Miller et al. 2014 Genetics,Gills
chrIV,11742882,14934462,Miller et al. 2014 Genetics,Gills
chrIV,3004386,15232282,Miller et al. 2014 Genetics,Gills
chrIV,6107609,25376967,Miller et al. 2014 Genetics,Gills
chrIV,6107609,25376967,Miller et al. 2014 Genetics,Gills
chrIV,4455356,15625933,Miller et al. 2014 Genetics,Gills
chrIV,1283448,28557932,Miller et al. 2014 Genetics,Gills
chrIV,12809576,19663288,Miller et al. 2014 Genetics,Gills
chrIV,12809576,24284769,Miller et al. 2014 Genetics,Gills
chrIV,11742882,28557932,Miller et al. 2014 Genetics,Gills
chrIV,6107609,19000274,Miller et al. 2014 Genetics,Gills
chrIV,6107609,28557932,Miller et al. 2014 Genetics,Gills
chrIV,4455356,24854814,Miller et al. 2014 Genetics,Gills
chrIV,6107609,28557932,Miller et al. 2014 Genetics,Gills
chrIV,12809576,28557932,Miller et al. 2014 Genetics,Gills
chrIV,12809576,24854814,Miller et al. 2014 Genetics,Gills
chrIV,6107609,25376967,Miller et al. 2014 Genetics,Gills
chrIV,16331734,28557932,Miller et al. 2014 Genetics,Gills
chrIV,14933780,28557932,Miller et al. 2014 Genetics,Gills
chrIV,12809576,28557932,Miller et al. 2014 Genetics,Gills
chrIV,16331734,28557932,Miller et al. 2014 Genetics,Gills
chrIV,12809576,28557932,Miller et al. 2014 Genetics,Gills
chrIV,4455356,28557932,Miller et al. 2014 Genetics,Gills
chrIV,4455356,28557932,Miller et al. 2014 Genetics,Gills
chrIV,15625777,28557932,Miller et al. 2014 Genetics,Gills
chrIV,6107609,28557932,Miller et al. 2014 Genetics,Gills
chrIV,15232047,28557932,Miller et al. 2014 Genetics,Gills
chrIV,6107609,28557932,Miller et al. 2014 Genetics,Gills
chrIV,12809576,28557932,Miller et al. 2014 Genetics,Gills
chrIV,14933780,19663288,Miller et al. 2014 Genetics,Gills
chrIV,14933780,28557932,Miller et al. 2014 Genetics,Gills
chrIV,15232047,28557932,Miller et al. 2014 Genetics,Gills
chrIV,12809576,19663288,Miller et al. 2014 Genetics,Gills
chrIV,12809576,19000274,Miller et al. 2014 Genetics,Gills
chrIV,6107609,28557932,Miller et al. 2014 Genetics,Gills
chrIV,14933780,28557932,Miller et al. 2014 Genetics,Gills
chrIV,15625777,28557932,Miller et al. 2014 Genetics,Gills
chrIV,12809576,19000274,Miller et al. 2014 Genetics,Gills
chrIV,6107609,28557932,Miller et al. 2014 Genetics,Gills
chrIX,2131739,5330148,Miller et al. 2014 Genetics,Gills
chrIX,2131739,6838262,Miller et al. 2014 Genetics,Gills
chrXVII,10595180,14603141,Miller et al. 2014 Genetics,Gills
chrXVII,10595180,14603141,Miller et al. 2014 Genetics,Gills
chrXVII,9858642,14603141,Miller et al. 2014 Genetics,Gills
chrXVII,9858642,14603141,Miller et al. 2014 Genetics,Gills
chrXVII,9858642,14603141,Miller et al. 2014 Genetics,Gills
chrXVII,9858642,14603141,Miller et al. 2014 Genetics,Gills
chrXVII,9858642,14603141,Miller et al. 2014 Genetics,Gills
chrXVII,4745206,14603141,Miller et al. 2014 Genetics,Gills
chrVII,338787,26449376,Miller et al. 2014 Genetics,Gills
chrVII,7478502,25108180,Miller et al. 2014 Genetics,Gills
chrXII,1656890,18196820,Miller et al. 2014 Genetics,Gills
chrI,22279405,27524288,Miller et al. 2014 Genetics,Gills
chrI,675889,2765246,Miller et al. 2014 Genetics,Gills
chrV,2070230,5236278,Miller et al. 2014 Genetics,Gills
chrV,2070230,5142519,Miller et al. 2014 Genetics,Gills
chrV,2070230,5236278,Miller et al. 2014 Genetics,Gills
chrV,2070230,5236278,Miller et al. 2014 Genetics,Gills
chrV,2070230,5236278,Miller et al. 2014 Genetics,Gills
chrV,2070230,10401123,Miller et al. 2014 Genetics,Gills
chrV,2070230,5236278,Miller et al. 2014 Genetics,Gills
chrV,2070230,10401123,Miller et al. 2014 Genetics,Gills
chrV,5236061,11713567,Miller et al. 2014 Genetics,Gills
chrVII,88297,5222584,Miller et al. 2014 Genetics,Gills
chrVII,338787,5222584,Miller et al. 2014 Genetics,Gills
chrVII,1038766,26449376,Miller et al. 2014 Genetics,Gills
chrVII,2440718,26449376,Miller et al. 2014 Genetics,Gills
chrVII,338787,25108180,Miller et al. 2014 Genetics,Gills
chrVII,2440718,7478687,Miller et al. 2014 Genetics,Gills
chrVII,2440718,25108180,Miller et al. 2014 Genetics,Gills
chrVII,1038766,7478687,Miller et al. 2014 Genetics,Gills
chrVII,2440718,24230078,Miller et al. 2014 Genetics,Gills
chrVII,5222423,25108180,Miller et al. 2014 Genetics,Gills
chrVII,2440718,25108180,Miller et al. 2014 Genetics,Gills
chrVII,2440718,25108180,Miller et al. 2014 Genetics,Gills
chrVII,2440718,25108180,Miller et al. 2014 Genetics,Gills
chrVII,2440718,25108180,Miller et al. 2014 Genetics,Gills
chrVII,17330866,25108180,Miller et al. 2014 Genetics,Gills
chrVII,7478502,25108180,Miller et al. 2014 Genetics,Gills
chrVII,7478502,26449376,Miller et al. 2014 Genetics,Gills
chrVII,24229879,26661766,Miller et al. 2014 Genetics,Gills
chrVII,24229879,27937443,Miller et al. 2014 Genetics,Gills
chrVII,25107948,27937443,Miller et al. 2014 Genetics,Gills
chrVIII,727330,4603188,Miller et al. 2014 Genetics,Gills
chrVIII,727330,4172620,Miller et al. 2014 Genetics,Gills
chrVIII,6987227,13983664,Miller et al. 2014 Genetics,Gills
chrVIII,6987227,15002427,Miller et al. 2014 Genetics,Gills
chrVIII,6987227,15002427,Miller et al. 2014 Genetics,Gills
chrVIII,6987227,13983664,Miller et al. 2014 Genetics,Gills
chrVIII,6987227,15575175,Miller et al. 2014 Genetics,Gills
chrVIII,727330,15385785,Miller et al. 2014 Genetics,Gills
chrVIII,727330,15385785,Miller et al. 2014 Genetics,Gills
chrVIII,15899997,18119985,Miller et al. 2014 Genetics,Gills
chrVIII,15899997,18120791,Miller et al. 2014 Genetics,Gills
chrX,1241687,4760146,Miller et al. 2014 Genetics,Gills
chrX,1241687,6587629,Miller et al. 2014 Genetics,Gills
chrX,1241687,14005056,Miller et al. 2014 Genetics,Gills
chrX,1241687,6587629,Miller et al. 2014 Genetics,Gills
chrX,1241687,10583497,Miller et al. 2014 Genetics,Gills
chrX,4208593,14005056,Miller et al. 2014 Genetics,Gills
chrX,4759544,14005056,Miller et al. 2014 Genetics,Gills
chrX,1883326,14005056,Miller et al. 2014 Genetics,Gills
chrXI,984438,13180293,Miller et al. 2014 Genetics,Gills
chrXI,984438,13180293,Miller et al. 2014 Genetics,Gills
chrXI,984438,13180293,Miller et al. 2014 Genetics,Gills
chrXI,984438,7796955,Miller et al. 2014 Genetics,Gills
chrXI,3034795,11859429,Miller et al. 2014 Genetics,Gills
chrXI,3034795,13180293,Miller et al. 2014 Genetics,Gills
chrXI,7796753,11859429,Miller et al. 2014 Genetics,Gills
chrXII,1656890,9178929,Miller et al. 2014 Genetics,Gills
chrXII,5799776,15378423,Miller et al. 2014 Genetics,Gills
chrXII,1354859,18196820,Miller et al. 2014 Genetics,Gills
chrXII,1657049,15378417,Miller et al. 2014 Genetics,Gills
chrXII,12635660,18196820,Miller et al. 2014 Genetics,Gills
chrXIII,8142821,19175610,Miller et al. 2014 Genetics,Gills
chrXIII,8142821,13180379,Miller et al. 2014 Genetics,Gills
chrXIII,8142821,16102319,Miller et al. 2014 Genetics,Gills
chrXIII,6754994,19175610,Miller et al. 2014 Genetics,Gills
chrXIV,1,12025281,Miller et al. 2014 Genetics,Gills
chrXIV,2283409,9524151,Miller et al. 2014 Genetics,Gills
chrXIV,2283409,13557315,Miller et al. 2014 Genetics,Gills
chrXIV,6058018,13557315,Miller et al. 2014 Genetics,Gills
chrXIV,2283409,13557315,Miller et al. 2014 Genetics,Gills
chrXIV,6058018,13557315,Miller et al. 2014 Genetics,Gills
chrXIV,2283409,13557315,Miller et al. 2014 Genetics,Gills
chrXIV,2283409,13557315,Miller et al. 2014 Genetics,Gills
chrXIV,2283409,13557315,Miller et al. 2014 Genetics,Gills
chrXIV,2283409,13557315,Miller et al. 2014 Genetics,Gills
chrXIV,6058018,13557315,Miller et al. 2014 Genetics,Gills
chrXIX,1942864,4389298,Miller et al. 2014 Genetics,Gills
chrXIX,1942864,4389298,Miller et al. 2014 Genetics,Gills
chrXV,6134159,10146002,Miller et al. 2014 Genetics,Gills
chrXV,6134159,10293757,Miller et al. 2014 Genetics,Gills
chrXV,6134159,10293757,Miller et al. 2014 Genetics,Gills
chrXV,6134159,10293757,Miller et al. 2014 Genetics,Gills
chrXV,6134159,10293757,Miller et al. 2014 Genetics,Gills
chrXV,6134159,10293757,Miller et al. 2014 Genetics,Gills
chrXV,6134159,10293757,Miller et al. 2014 Genetics,Gills
chrXV,6134159,10293757,Miller et al. 2014 Genetics,Gills
chrXVI,2350690,4066614,Miller et al. 2014 Genetics,Gills
chrXVI,2350690,4066614,Miller et al. 2014 Genetics,Gills
chrXVI,2350690,15284863,Miller et al. 2014 Genetics,Gills
chrXVI,2350690,15284863,Miller et al. 2014 Genetics,Gills
chrXVI,10354359,15284863,Miller et al. 2014 Genetics,Gills
chrXVI,7973486,15284863,Miller et al. 2014 Genetics,Gills
chrXVI,13136133,15284863,Miller et al. 2014 Genetics,Gills
chrXVI,10354359,15284863,Miller et al. 2014 Genetics,Gills
chrXVI,10354359,15284863,Miller et al. 2014 Genetics,Gills
chrXVII,5446753,9858642,Miller et al. 2014 Genetics,Gills
chrXVII,9858642,14603141,Miller et al. 2014 Genetics,Gills
chrXVII,1513740,14603141,Miller et al. 2014 Genetics,Gills
chrXVII,9858642,14603141,Miller et al. 2014 Genetics,Gills
chrXVII,10595180,14603141,Miller et al. 2014 Genetics,Gills
chrXVII,1513740,4745382,Miller et al. 2014 Genetics,Gills
chrXVII,1513740,4745382,Miller et al. 2014 Genetics,Gills
chrXVII,1513740,4745382,Miller et al. 2014 Genetics,Gills
chrXVII,1513740,9858767,Miller et al. 2014 Genetics,Gills
chrXVII,1513740,9858767,Miller et al. 2014 Genetics,Gills
chrXVII,1513740,9858767,Miller et al. 2014 Genetics,Gills
chrXVIII,9393393,14194268,Miller et al. 2014 Genetics,Gills
chrXVIII,9393393,11250490,Miller et al. 2014 Genetics,Gills
chrXVIII,7613260,15688949,Miller et al. 2014 Genetics,Gills
chrXX,1511530,7269290,Miller et al. 2014 Genetics,Gills
chrXX,1511530,14682376,Miller et al. 2014 Genetics,Gills
chrXX,1511530,11318811,Miller et al. 2014 Genetics,Gills
chrXX,3338474,14682376,Miller et al. 2014 Genetics,Gills
chrXX,3338474,14682376,Miller et al. 2014 Genetics,Gills
chrXX,3338474,14682376,Miller et al. 2014 Genetics,Gills
chrXX,3338474,14682376,Miller et al. 2014 Genetics,Gills
chrXX,3338474,14682376,Miller et al. 2014 Genetics,Gills
chrXX,3338474,14682376,Miller et al. 2014 Genetics,Gills
chrXX,3338474,14682376,Miller et al. 2014 Genetics,Gills
chrXX,1511530,14682376,Miller et al. 2014 Genetics,Gills
chrXX,1511530,14682376,Miller et al. 2014 Genetics,Gills
chrXX,3338474,14682376,Miller et al. 2014 Genetics,Gills
chrXX,3338474,14682376,Miller et al. 2014 Genetics,Gills
chrXX,3338474,14682376,Miller et al. 2014 Genetics,Gills
chrXX,7269499,14682376,Miller et al. 2014 Genetics,Gills
chrXX,3338474,14682376,Miller et al. 2014 Genetics,Gills
chrXX,7269499,14682376,Miller et al. 2014 Genetics,Gills
chrXX,7269499,14682376,Miller et al. 2014 Genetics,Gills
chrXX,3338474,14682376,Miller et al. 2014 Genetics,Gills
chrXX,11606611,14682376,Miller et al. 2014 Genetics,Gills
chrXX,3338474,14682376,Miller et al. 2014 Genetics,Gills
chrXX,3338474,14682376,Miller et al. 2014 Genetics,Gills
chrXX,3338474,14682376,Miller et al. 2014 Genetics,Gills
chrXX,3338474,14682376,Miller et al. 2014 Genetics,Gills
chrXX,8253452,14682376,Miller et al. 2014 Genetics,Gills
chrXX,3338474,14682376,Miller et al. 2014 Genetics,Gills
chrXX,3338474,14682376,Miller et al. 2014 Genetics,Gills
chrXX,3338474,14682376,Miller et al. 2014 Genetics,Gills
chrXX,8253452,14682376,Miller et al. 2014 Genetics,Gills
chrXX,3080347,14682376,Miller et al. 2014 Genetics,Gills
chrXXI,1794897,9043760,Miller et al. 2014 Genetics,Gills
chrXXI,1794897,9043760,Miller et al. 2014 Genetics,Gills
chrXXI,3770096,9043760,Miller et al. 2014 Genetics,Gills
chrXXI,786161,9043760,Miller et al. 2014 Genetics,Gills
chrXXI,4897510,9043760,Miller et al. 2014 Genetics,Gills
chrXIV,1,2639866,Miller et al. 2014 Genetics,Gills
chrXI,9085119,14561851,Peichel et al. 2001 Nature,Gills
chrXVI,4066411,15284863,Peichel et al. 2001 Nature,Gills
chrIX,1,18846382,Rogers et al. 2012 Evolution,Gills
chrX,9572913,15005056,Rogers et al. 2012 Evolution,Gills
chrXI,5536292,12859429,Rogers et al. 2012 Evolution,Gills
chrXII,354859,2354988,Rogers et al. 2012 Evolution,Gills